SET FOREIGN_KEY_CHECKS = 0;

INSERT INTO `product` (`id`, `title`, `image`, `description`, `content`, `sell`, `view`, `rating`, `status`, `priority`, `tags`, `template`, `stock_manage`, `stop_selling`, `stock_quant`, `option_1`, `option_2`, `option_3`, `option_4`, `option_5`, `option_6`, `created_at`, `updated_at`, `raw_title`, `raw_full`) VALUES
(446, 'Apple MacBook Air 13 M3', 'Apple MacBook Air 13 M3.jpg', '', '', 0, 0, 0.00, 'active', 1000, 'laptop', '', 0, 'publish', 1, '', '', '', '', '', '', '2024-05-14 05:23:00', '2024-05-14 05:23:00', 'apple macbook air 13 m3', 'apple macbook air 13 m3 apple macbook air 13 m3 là dòng laptop apple hiệu năng cao, thiết kế mỏng nhẹ, sang trọng, trang bị cấu hình mạnh mẽ đáp ứng tốt mọi nhu cầu từ học tập, làm việc đến giải trí chuyên nghiệp.'),
(447, 'Apple MacBook Pro 14 M4 Pro', 'Apple MacBook Pro 14 M4 Pro.jpg', '', '', 0, 0, 0.00, 'active', 1000, 'laptop', '', 0, 'publish', 1, '', '', '', '', '', '', '2024-05-14 05:23:00', '2024-05-14 05:23:00', 'apple macbook pro 14 m4 pro', 'apple macbook pro 14 m4 pro apple macbook pro 14 m4 pro là dòng laptop apple hiệu năng cao, thiết kế mỏng nhẹ, sang trọng, trang bị cấu hình mạnh mẽ đáp ứng tốt mọi nhu cầu từ học tập, làm việc đến giải trí chuyên nghiệp.'),
(448, 'ASUS ROG Strix G16', 'ASUS ROG Strix G16.jpg', '', '', 0, 0, 0.00, 'active', 1000, 'laptop', '', 0, 'publish', 1, '', '', '', '', '', '', '2024-05-14 05:23:00', '2024-05-14 05:23:00', 'asus rog strix g16', 'asus rog strix g16 asus rog strix g16 là dòng laptop asus hiệu năng cao, thiết kế mỏng nhẹ, sang trọng, trang bị cấu hình mạnh mẽ đáp ứng tốt mọi nhu cầu từ học tập, làm việc đến giải trí chuyên nghiệp.'),
(449, 'ASUS TUF Gaming A15', 'ASUS TUF Gaming A15.jpg', '', '', 0, 0, 0.00, 'active', 1000, 'laptop', '', 0, 'publish', 1, '', '', '', '', '', '', '2024-05-14 05:23:00', '2024-05-14 05:23:00', 'asus tuf gaming a15', 'asus tuf gaming a15 asus tuf gaming a15 là dòng laptop asus hiệu năng cao, thiết kế mỏng nhẹ, sang trọng, trang bị cấu hình mạnh mẽ đáp ứng tốt mọi nhu cầu từ học tập, làm việc đến giải trí chuyên nghiệp.'),
(450, 'Lenovo Legion Pro 5', 'Lenovo Legion Pro 5.jpg', '', '', 0, 0, 0.00, 'active', 1000, 'laptop', '', 0, 'publish', 1, '', '', '', '', '', '', '2024-05-14 05:23:00', '2024-05-14 05:23:00', 'lenovo legion pro 5', 'lenovo legion pro 5 lenovo legion pro 5 là dòng laptop lenovo hiệu năng cao, thiết kế mỏng nhẹ, sang trọng, trang bị cấu hình mạnh mẽ đáp ứng tốt mọi nhu cầu từ học tập, làm việc đến giải trí chuyên nghiệp.'),
(451, 'Lenovo IdeaPad Slim 5', 'Lenovo IdeaPad Slim 5.jpg', '', '', 0, 0, 0.00, 'active', 1000, 'laptop', '', 0, 'publish', 1, '', '', '', '', '', '', '2024-05-14 05:23:00', '2024-05-14 05:23:00', 'lenovo ideapad slim 5', 'lenovo ideapad slim 5 lenovo ideapad slim 5 là dòng laptop lenovo hiệu năng cao, thiết kế mỏng nhẹ, sang trọng, trang bị cấu hình mạnh mẽ đáp ứng tốt mọi nhu cầu từ học tập, làm việc đến giải trí chuyên nghiệp.'),
(452, 'Dell XPS 13', 'Dell XPS 13.jpg', '', '', 0, 0, 0.00, 'active', 1000, 'laptop', '', 0, 'publish', 1, '', '', '', '', '', '', '2024-05-14 05:23:00', '2024-05-14 05:23:00', 'dell xps 13', 'dell xps 13 dell xps 13 là dòng laptop dell hiệu năng cao, thiết kế mỏng nhẹ, sang trọng, trang bị cấu hình mạnh mẽ đáp ứng tốt mọi nhu cầu từ học tập, làm việc đến giải trí chuyên nghiệp.'),
(453, 'Dell Inspiron 15', 'Dell Inspiron 15.jpg', '', '', 0, 0, 0.00, 'active', 1000, 'laptop', '', 0, 'publish', 1, '', '', '', '', '', '', '2024-05-14 05:23:00', '2024-05-14 05:23:00', 'dell inspiron 15', 'dell inspiron 15 dell inspiron 15 là dòng laptop dell hiệu năng cao, thiết kế mỏng nhẹ, sang trọng, trang bị cấu hình mạnh mẽ đáp ứng tốt mọi nhu cầu từ học tập, làm việc đến giải trí chuyên nghiệp.'),
(454, 'HP Victus 15', 'HP Victus 15.jpg', '', '', 0, 0, 0.00, 'active', 1000, 'laptop', '', 0, 'publish', 1, '', '', '', '', '', '', '2024-05-14 05:23:00', '2024-05-14 05:23:00', 'hp victus 15', 'hp victus 15 hp victus 15 là dòng laptop hp hiệu năng cao, thiết kế mỏng nhẹ, sang trọng, trang bị cấu hình mạnh mẽ đáp ứng tốt mọi nhu cầu từ học tập, làm việc đến giải trí chuyên nghiệp.'),
(455, 'HP Pavilion 14', 'HP Pavilion 14.jpg', '', '', 0, 0, 0.00, 'active', 1000, 'laptop', '', 0, 'publish', 1, '', '', '', '', '', '', '2024-05-14 05:23:00', '2024-05-14 05:23:00', 'hp pavilion 14', 'hp pavilion 14 hp pavilion 14 là dòng laptop hp hiệu năng cao, thiết kế mỏng nhẹ, sang trọng, trang bị cấu hình mạnh mẽ đáp ứng tốt mọi nhu cầu từ học tập, làm việc đến giải trí chuyên nghiệp.'),
(456, 'Acer Nitro V 15', 'Acer Nitro V 15.jpg', '', '', 0, 0, 0.00, 'active', 1000, 'laptop', '', 0, 'publish', 1, '', '', '', '', '', '', '2024-05-14 05:23:00', '2024-05-14 05:23:00', 'acer nitro v 15', 'acer nitro v 15 acer nitro v 15 là dòng laptop acer hiệu năng cao, thiết kế mỏng nhẹ, sang trọng, trang bị cấu hình mạnh mẽ đáp ứng tốt mọi nhu cầu từ học tập, làm việc đến giải trí chuyên nghiệp.'),
(457, 'Acer Aspire 5', 'Acer Aspire 5.jpg', '', '', 0, 0, 0.00, 'active', 1000, 'laptop', '', 0, 'publish', 1, '', '', '', '', '', '', '2024-05-14 05:23:00', '2024-05-14 05:23:00', 'acer aspire 5', 'acer aspire 5 acer aspire 5 là dòng laptop acer hiệu năng cao, thiết kế mỏng nhẹ, sang trọng, trang bị cấu hình mạnh mẽ đáp ứng tốt mọi nhu cầu từ học tập, làm việc đến giải trí chuyên nghiệp.'),
(458, 'MSI Katana 15', 'MSI Katana 15.jpg', '', '', 0, 0, 0.00, 'active', 1000, 'laptop', '', 0, 'publish', 1, '', '', '', '', '', '', '2024-05-14 05:23:00', '2024-05-14 05:23:00', 'msi katana 15', 'msi katana 15 msi katana 15 là dòng laptop msi hiệu năng cao, thiết kế mỏng nhẹ, sang trọng, trang bị cấu hình mạnh mẽ đáp ứng tốt mọi nhu cầu từ học tập, làm việc đến giải trí chuyên nghiệp.'),
(459, 'MSI Modern 14', 'MSI Modern 14.jpg', '', '', 0, 0, 0.00, 'active', 1000, 'laptop', '', 0, 'publish', 1, '', '', '', '', '', '', '2024-05-14 05:23:00', '2024-05-14 05:23:00', 'msi modern 14', 'msi modern 14 msi modern 14 là dòng laptop msi hiệu năng cao, thiết kế mỏng nhẹ, sang trọng, trang bị cấu hình mạnh mẽ đáp ứng tốt mọi nhu cầu từ học tập, làm việc đến giải trí chuyên nghiệp.'),
(460, 'Razer Blade 16', 'Razer Blade 16.jpg', '', '', 0, 0, 0.00, 'active', 1000, 'laptop', '', 0, 'publish', 1, '', '', '', '', '', '', '2024-05-14 05:23:00', '2024-05-14 05:23:00', 'razer blade 16', 'razer blade 16 razer blade 16 là dòng laptop razer hiệu năng cao, thiết kế mỏng nhẹ, sang trọng, trang bị cấu hình mạnh mẽ đáp ứng tốt mọi nhu cầu từ học tập, làm việc đến giải trí chuyên nghiệp.'),
(461, 'Microsoft Surface Laptop 6', 'Microsoft Surface Laptop 6.jpg', '', '', 0, 0, 0.00, 'active', 1000, 'laptop', '', 0, 'publish', 1, '', '', '', '', '', '', '2024-05-14 05:23:00', '2024-05-14 05:23:00', 'microsoft surface laptop 6', 'microsoft surface laptop 6 microsoft surface laptop 6 là dòng laptop microsoft hiệu năng cao, thiết kế mỏng nhẹ, sang trọng, trang bị cấu hình mạnh mẽ đáp ứng tốt mọi nhu cầu từ học tập, làm việc đến giải trí chuyên nghiệp.'),
(462, 'LG Gram 16', 'LG Gram 16.jpg', '', '', 0, 0, 0.00, 'active', 1000, 'laptop', '', 0, 'publish', 1, '', '', '', '', '', '', '2024-05-14 05:23:00', '2024-05-14 05:23:00', 'lg gram 16', 'lg gram 16 lg gram 16 là dòng laptop lg hiệu năng cao, thiết kế mỏng nhẹ, sang trọng, trang bị cấu hình mạnh mẽ đáp ứng tốt mọi nhu cầu từ học tập, làm việc đến giải trí chuyên nghiệp.'),
(463, 'Huawei MateBook D 16', 'Huawei MateBook D 16.jpg', '', '', 0, 0, 0.00, 'active', 1000, 'laptop', '', 0, 'publish', 1, '', '', '', '', '', '', '2024-05-14 05:23:00', '2024-05-14 05:23:00', 'huawei matebook d 16', 'huawei matebook d 16 huawei matebook d 16 là dòng laptop huawei hiệu năng cao, thiết kế mỏng nhẹ, sang trọng, trang bị cấu hình mạnh mẽ đáp ứng tốt mọi nhu cầu từ học tập, làm việc đến giải trí chuyên nghiệp.'),
(464, 'Gigabyte G5 KF', 'Gigabyte G5 KF.jpg', '', '', 0, 0, 0.00, 'active', 1000, 'laptop', '', 0, 'publish', 1, '', '', '', '', '', '', '2024-05-14 05:23:00', '2024-05-14 05:23:00', 'gigabyte g5 kf', 'gigabyte g5 kf gigabyte g5 kf là dòng laptop gigabyte hiệu năng cao, thiết kế mỏng nhẹ, sang trọng, trang bị cấu hình mạnh mẽ đáp ứng tốt mọi nhu cầu từ học tập, làm việc đến giải trí chuyên nghiệp.'),
(465, 'Samsung Galaxy Book4 Pro', 'Samsung Galaxy Book4 Pro.jpg', '', '', 0, 0, 0.00, 'active', 1000, 'laptop', '', 0, 'publish', 1, '', '', '', '', '', '', '2024-05-14 05:23:00', '2024-05-14 05:23:00', 'samsung galaxy book4 pro', 'samsung galaxy book4 pro samsung galaxy book4 pro là dòng laptop samsung hiệu năng cao, thiết kế mỏng nhẹ, sang trọng, trang bị cấu hình mạnh mẽ đáp ứng tốt mọi nhu cầu từ học tập, làm việc đến giải trí chuyên nghiệp.');

INSERT INTO `variant` (`id`, `title`, `product_id`, `option_1`, `option_2`, `option_3`, `option_4`, `option_5`, `option_6`, `barcode`, `sku_code`, `weight`, `price`, `sale_id`, `price_compare`, `stock_quant`, `status`, `note`, `created_at`, `updated_at`) VALUES
(439, 'Default', 446, '', '', '', '', '', '', '', '', 0, 0, NULL, 0, 1, 'active', '', '2024-05-14 05:23:00', '2024-05-14 05:23:00'),
(440, 'Default', 447, '', '', '', '', '', '', '', '', 0, 0, NULL, 0, 1, 'active', '', '2024-05-14 05:23:00', '2024-05-14 05:23:00'),
(441, 'Default', 448, '', '', '', '', '', '', '', '', 0, 0, NULL, 0, 1, 'active', '', '2024-05-14 05:23:00', '2024-05-14 05:23:00'),
(442, 'Default', 449, '', '', '', '', '', '', '', '', 0, 0, NULL, 0, 1, 'active', '', '2024-05-14 05:23:00', '2024-05-14 05:23:00'),
(443, 'Default', 450, '', '', '', '', '', '', '', '', 0, 0, NULL, 0, 1, 'active', '', '2024-05-14 05:23:00', '2024-05-14 05:23:00'),
(444, 'Default', 451, '', '', '', '', '', '', '', '', 0, 0, NULL, 0, 1, 'active', '', '2024-05-14 05:23:00', '2024-05-14 05:23:00'),
(445, 'Default', 452, '', '', '', '', '', '', '', '', 0, 0, NULL, 0, 1, 'active', '', '2024-05-14 05:23:00', '2024-05-14 05:23:00'),
(446, 'Default', 453, '', '', '', '', '', '', '', '', 0, 0, NULL, 0, 1, 'active', '', '2024-05-14 05:23:00', '2024-05-14 05:23:00'),
(447, 'Default', 454, '', '', '', '', '', '', '', '', 0, 0, NULL, 0, 1, 'active', '', '2024-05-14 05:23:00', '2024-05-14 05:23:00'),
(448, 'Default', 455, '', '', '', '', '', '', '', '', 0, 0, NULL, 0, 1, 'active', '', '2024-05-14 05:23:00', '2024-05-14 05:23:00'),
(449, 'Default', 456, '', '', '', '', '', '', '', '', 0, 0, NULL, 0, 1, 'active', '', '2024-05-14 05:23:00', '2024-05-14 05:23:00'),
(450, 'Default', 457, '', '', '', '', '', '', '', '', 0, 0, NULL, 0, 1, 'active', '', '2024-05-14 05:23:00', '2024-05-14 05:23:00'),
(451, 'Default', 458, '', '', '', '', '', '', '', '', 0, 0, NULL, 0, 1, 'active', '', '2024-05-14 05:23:00', '2024-05-14 05:23:00'),
(452, 'Default', 459, '', '', '', '', '', '', '', '', 0, 0, NULL, 0, 1, 'active', '', '2024-05-14 05:23:00', '2024-05-14 05:23:00'),
(453, 'Default', 460, '', '', '', '', '', '', '', '', 0, 0, NULL, 0, 1, 'active', '', '2024-05-14 05:23:00', '2024-05-14 05:23:00'),
(454, 'Default', 461, '', '', '', '', '', '', '', '', 0, 0, NULL, 0, 1, 'active', '', '2024-05-14 05:23:00', '2024-05-14 05:23:00'),
(455, 'Default', 462, '', '', '', '', '', '', '', '', 0, 0, NULL, 0, 1, 'active', '', '2024-05-14 05:23:00', '2024-05-14 05:23:00'),
(456, 'Default', 463, '', '', '', '', '', '', '', '', 0, 0, NULL, 0, 1, 'active', '', '2024-05-14 05:23:00', '2024-05-14 05:23:00'),
(457, 'Default', 464, '', '', '', '', '', '', '', '', 0, 0, NULL, 0, 1, 'active', '', '2024-05-14 05:23:00', '2024-05-14 05:23:00'),
(458, 'Default', 465, '', '', '', '', '', '', '', '', 0, 0, NULL, 0, 1, 'active', '', '2024-05-14 05:23:00', '2024-05-14 05:23:00');

INSERT INTO `product_translations` (`id`, `product_id`, `lang`, `title`, `description`, `content`, `created_at`, `updated_at`) VALUES
(446, 446, 'vi', 'Apple MacBook Air 13 M3', '', '<p>Apple MacBook Air 13 M3 là dòng laptop Apple hiệu năng cao, thiết kế mỏng nhẹ, sang trọng, trang bị cấu hình mạnh mẽ đáp ứng tốt mọi nhu cầu từ học tập, làm việc đến giải trí chuyên nghiệp.</p>', '2024-05-14 05:23:00', '2024-05-14 05:23:00'),
(447, 447, 'vi', 'Apple MacBook Pro 14 M4 Pro', '', '<p>Apple MacBook Pro 14 M4 Pro là dòng laptop Apple hiệu năng cao, thiết kế mỏng nhẹ, sang trọng, trang bị cấu hình mạnh mẽ đáp ứng tốt mọi nhu cầu từ học tập, làm việc đến giải trí chuyên nghiệp.</p>', '2024-05-14 05:23:00', '2024-05-14 05:23:00'),
(448, 448, 'vi', 'ASUS ROG Strix G16', '', '<p>ASUS ROG Strix G16 là dòng laptop ASUS hiệu năng cao, thiết kế mỏng nhẹ, sang trọng, trang bị cấu hình mạnh mẽ đáp ứng tốt mọi nhu cầu từ học tập, làm việc đến giải trí chuyên nghiệp.</p>', '2024-05-14 05:23:00', '2024-05-14 05:23:00'),
(449, 449, 'vi', 'ASUS TUF Gaming A15', '', '<p>ASUS TUF Gaming A15 là dòng laptop ASUS hiệu năng cao, thiết kế mỏng nhẹ, sang trọng, trang bị cấu hình mạnh mẽ đáp ứng tốt mọi nhu cầu từ học tập, làm việc đến giải trí chuyên nghiệp.</p>', '2024-05-14 05:23:00', '2024-05-14 05:23:00'),
(450, 450, 'vi', 'Lenovo Legion Pro 5', '', '<p>Lenovo Legion Pro 5 là dòng laptop Lenovo hiệu năng cao, thiết kế mỏng nhẹ, sang trọng, trang bị cấu hình mạnh mẽ đáp ứng tốt mọi nhu cầu từ học tập, làm việc đến giải trí chuyên nghiệp.</p>', '2024-05-14 05:23:00', '2024-05-14 05:23:00'),
(451, 451, 'vi', 'Lenovo IdeaPad Slim 5', '', '<p>Lenovo IdeaPad Slim 5 là dòng laptop Lenovo hiệu năng cao, thiết kế mỏng nhẹ, sang trọng, trang bị cấu hình mạnh mẽ đáp ứng tốt mọi nhu cầu từ học tập, làm việc đến giải trí chuyên nghiệp.</p>', '2024-05-14 05:23:00', '2024-05-14 05:23:00'),
(452, 452, 'vi', 'Dell XPS 13', '', '<p>Dell XPS 13 là dòng laptop Dell hiệu năng cao, thiết kế mỏng nhẹ, sang trọng, trang bị cấu hình mạnh mẽ đáp ứng tốt mọi nhu cầu từ học tập, làm việc đến giải trí chuyên nghiệp.</p>', '2024-05-14 05:23:00', '2024-05-14 05:23:00'),
(453, 453, 'vi', 'Dell Inspiron 15', '', '<p>Dell Inspiron 15 là dòng laptop Dell hiệu năng cao, thiết kế mỏng nhẹ, sang trọng, trang bị cấu hình mạnh mẽ đáp ứng tốt mọi nhu cầu từ học tập, làm việc đến giải trí chuyên nghiệp.</p>', '2024-05-14 05:23:00', '2024-05-14 05:23:00'),
(454, 454, 'vi', 'HP Victus 15', '', '<p>HP Victus 15 là dòng laptop HP hiệu năng cao, thiết kế mỏng nhẹ, sang trọng, trang bị cấu hình mạnh mẽ đáp ứng tốt mọi nhu cầu từ học tập, làm việc đến giải trí chuyên nghiệp.</p>', '2024-05-14 05:23:00', '2024-05-14 05:23:00'),
(455, 455, 'vi', 'HP Pavilion 14', '', '<p>HP Pavilion 14 là dòng laptop HP hiệu năng cao, thiết kế mỏng nhẹ, sang trọng, trang bị cấu hình mạnh mẽ đáp ứng tốt mọi nhu cầu từ học tập, làm việc đến giải trí chuyên nghiệp.</p>', '2024-05-14 05:23:00', '2024-05-14 05:23:00'),
(456, 456, 'vi', 'Acer Nitro V 15', '', '<p>Acer Nitro V 15 là dòng laptop Acer hiệu năng cao, thiết kế mỏng nhẹ, sang trọng, trang bị cấu hình mạnh mẽ đáp ứng tốt mọi nhu cầu từ học tập, làm việc đến giải trí chuyên nghiệp.</p>', '2024-05-14 05:23:00', '2024-05-14 05:23:00'),
(457, 457, 'vi', 'Acer Aspire 5', '', '<p>Acer Aspire 5 là dòng laptop Acer hiệu năng cao, thiết kế mỏng nhẹ, sang trọng, trang bị cấu hình mạnh mẽ đáp ứng tốt mọi nhu cầu từ học tập, làm việc đến giải trí chuyên nghiệp.</p>', '2024-05-14 05:23:00', '2024-05-14 05:23:00'),
(458, 458, 'vi', 'MSI Katana 15', '', '<p>MSI Katana 15 là dòng laptop MSI hiệu năng cao, thiết kế mỏng nhẹ, sang trọng, trang bị cấu hình mạnh mẽ đáp ứng tốt mọi nhu cầu từ học tập, làm việc đến giải trí chuyên nghiệp.</p>', '2024-05-14 05:23:00', '2024-05-14 05:23:00'),
(459, 459, 'vi', 'MSI Modern 14', '', '<p>MSI Modern 14 là dòng laptop MSI hiệu năng cao, thiết kế mỏng nhẹ, sang trọng, trang bị cấu hình mạnh mẽ đáp ứng tốt mọi nhu cầu từ học tập, làm việc đến giải trí chuyên nghiệp.</p>', '2024-05-14 05:23:00', '2024-05-14 05:23:00'),
(460, 460, 'vi', 'Razer Blade 16', '', '<p>Razer Blade 16 là dòng laptop Razer hiệu năng cao, thiết kế mỏng nhẹ, sang trọng, trang bị cấu hình mạnh mẽ đáp ứng tốt mọi nhu cầu từ học tập, làm việc đến giải trí chuyên nghiệp.</p>', '2024-05-14 05:23:00', '2024-05-14 05:23:00'),
(461, 461, 'vi', 'Microsoft Surface Laptop 6', '', '<p>Microsoft Surface Laptop 6 là dòng laptop Microsoft hiệu năng cao, thiết kế mỏng nhẹ, sang trọng, trang bị cấu hình mạnh mẽ đáp ứng tốt mọi nhu cầu từ học tập, làm việc đến giải trí chuyên nghiệp.</p>', '2024-05-14 05:23:00', '2024-05-14 05:23:00'),
(462, 462, 'vi', 'LG Gram 16', '', '<p>LG Gram 16 là dòng laptop LG hiệu năng cao, thiết kế mỏng nhẹ, sang trọng, trang bị cấu hình mạnh mẽ đáp ứng tốt mọi nhu cầu từ học tập, làm việc đến giải trí chuyên nghiệp.</p>', '2024-05-14 05:23:00', '2024-05-14 05:23:00'),
(463, 463, 'vi', 'Huawei MateBook D 16', '', '<p>Huawei MateBook D 16 là dòng laptop Huawei hiệu năng cao, thiết kế mỏng nhẹ, sang trọng, trang bị cấu hình mạnh mẽ đáp ứng tốt mọi nhu cầu từ học tập, làm việc đến giải trí chuyên nghiệp.</p>', '2024-05-14 05:23:00', '2024-05-14 05:23:00'),
(464, 464, 'vi', 'Gigabyte G5 KF', '', '<p>Gigabyte G5 KF là dòng laptop Gigabyte hiệu năng cao, thiết kế mỏng nhẹ, sang trọng, trang bị cấu hình mạnh mẽ đáp ứng tốt mọi nhu cầu từ học tập, làm việc đến giải trí chuyên nghiệp.</p>', '2024-05-14 05:23:00', '2024-05-14 05:23:00'),
(465, 465, 'vi', 'Samsung Galaxy Book4 Pro', '', '<p>Samsung Galaxy Book4 Pro là dòng laptop Samsung hiệu năng cao, thiết kế mỏng nhẹ, sang trọng, trang bị cấu hình mạnh mẽ đáp ứng tốt mọi nhu cầu từ học tập, làm việc đến giải trí chuyên nghiệp.</p>', '2024-05-14 05:23:00', '2024-05-14 05:23:00');

INSERT INTO `slug` (`id`, `post_id`, `post_type`, `lang`, `handle`, `created_at`, `updated_at`) VALUES
(997, 446, 'product', 'vi', 'apple-macbook-air-13-m3', '2024-05-14 05:23:00', '2024-05-14 05:23:00'),
(998, 446, 'product', 'en', 'apple-macbook-air-13-m3', '2024-05-14 05:23:00', '2024-05-14 05:23:00'),
(999, 447, 'product', 'vi', 'apple-macbook-pro-14-m4-pro', '2024-05-14 05:23:00', '2024-05-14 05:23:00'),
(1000, 447, 'product', 'en', 'apple-macbook-pro-14-m4-pro', '2024-05-14 05:23:00', '2024-05-14 05:23:00'),
(1001, 448, 'product', 'vi', 'asus-rog-strix-g16', '2024-05-14 05:23:00', '2024-05-14 05:23:00'),
(1002, 448, 'product', 'en', 'asus-rog-strix-g16', '2024-05-14 05:23:00', '2024-05-14 05:23:00'),
(1003, 449, 'product', 'vi', 'asus-tuf-gaming-a15', '2024-05-14 05:23:00', '2024-05-14 05:23:00'),
(1004, 449, 'product', 'en', 'asus-tuf-gaming-a15', '2024-05-14 05:23:00', '2024-05-14 05:23:00'),
(1005, 450, 'product', 'vi', 'lenovo-legion-pro-5', '2024-05-14 05:23:00', '2024-05-14 05:23:00'),
(1006, 450, 'product', 'en', 'lenovo-legion-pro-5', '2024-05-14 05:23:00', '2024-05-14 05:23:00'),
(1007, 451, 'product', 'vi', 'lenovo-ideapad-slim-5', '2024-05-14 05:23:00', '2024-05-14 05:23:00'),
(1008, 451, 'product', 'en', 'lenovo-ideapad-slim-5', '2024-05-14 05:23:00', '2024-05-14 05:23:00'),
(1009, 452, 'product', 'vi', 'dell-xps-13', '2024-05-14 05:23:00', '2024-05-14 05:23:00'),
(1010, 452, 'product', 'en', 'dell-xps-13', '2024-05-14 05:23:00', '2024-05-14 05:23:00'),
(1011, 453, 'product', 'vi', 'dell-inspiron-15', '2024-05-14 05:23:00', '2024-05-14 05:23:00'),
(1012, 453, 'product', 'en', 'dell-inspiron-15', '2024-05-14 05:23:00', '2024-05-14 05:23:00'),
(1013, 454, 'product', 'vi', 'hp-victus-15', '2024-05-14 05:23:00', '2024-05-14 05:23:00'),
(1014, 454, 'product', 'en', 'hp-victus-15', '2024-05-14 05:23:00', '2024-05-14 05:23:00'),
(1015, 455, 'product', 'vi', 'hp-pavilion-14', '2024-05-14 05:23:00', '2024-05-14 05:23:00'),
(1016, 455, 'product', 'en', 'hp-pavilion-14', '2024-05-14 05:23:00', '2024-05-14 05:23:00'),
(1017, 456, 'product', 'vi', 'acer-nitro-v-15', '2024-05-14 05:23:00', '2024-05-14 05:23:00'),
(1018, 456, 'product', 'en', 'acer-nitro-v-15', '2024-05-14 05:23:00', '2024-05-14 05:23:00'),
(1019, 457, 'product', 'vi', 'acer-aspire-5', '2024-05-14 05:23:00', '2024-05-14 05:23:00'),
(1020, 457, 'product', 'en', 'acer-aspire-5', '2024-05-14 05:23:00', '2024-05-14 05:23:00'),
(1021, 458, 'product', 'vi', 'msi-katana-15', '2024-05-14 05:23:00', '2024-05-14 05:23:00'),
(1022, 458, 'product', 'en', 'msi-katana-15', '2024-05-14 05:23:00', '2024-05-14 05:23:00'),
(1023, 459, 'product', 'vi', 'msi-modern-14', '2024-05-14 05:23:00', '2024-05-14 05:23:00'),
(1024, 459, 'product', 'en', 'msi-modern-14', '2024-05-14 05:23:00', '2024-05-14 05:23:00'),
(1025, 460, 'product', 'vi', 'razer-blade-16', '2024-05-14 05:23:00', '2024-05-14 05:23:00'),
(1026, 460, 'product', 'en', 'razer-blade-16', '2024-05-14 05:23:00', '2024-05-14 05:23:00'),
(1027, 461, 'product', 'vi', 'microsoft-surface-laptop-6', '2024-05-14 05:23:00', '2024-05-14 05:23:00'),
(1028, 461, 'product', 'en', 'microsoft-surface-laptop-6', '2024-05-14 05:23:00', '2024-05-14 05:23:00'),
(1029, 462, 'product', 'vi', 'lg-gram-16', '2024-05-14 05:23:00', '2024-05-14 05:23:00'),
(1030, 462, 'product', 'en', 'lg-gram-16', '2024-05-14 05:23:00', '2024-05-14 05:23:00'),
(1031, 463, 'product', 'vi', 'huawei-matebook-d-16', '2024-05-14 05:23:00', '2024-05-14 05:23:00'),
(1032, 463, 'product', 'en', 'huawei-matebook-d-16', '2024-05-14 05:23:00', '2024-05-14 05:23:00'),
(1033, 464, 'product', 'vi', 'gigabyte-g5-kf', '2024-05-14 05:23:00', '2024-05-14 05:23:00'),
(1034, 464, 'product', 'en', 'gigabyte-g5-kf', '2024-05-14 05:23:00', '2024-05-14 05:23:00'),
(1035, 465, 'product', 'vi', 'samsung-galaxy-book4-pro', '2024-05-14 05:23:00', '2024-05-14 05:23:00'),
(1036, 465, 'product', 'en', 'samsung-galaxy-book4-pro', '2024-05-14 05:23:00', '2024-05-14 05:23:00');

INSERT INTO `collection_product` (`id`, `collection_id`, `product_id`, `priority`, `created_at`, `updated_at`) VALUES
(575, 12, 446, 0, '2024-05-14 05:23:00', '2024-05-14 05:23:00'),
(576, 12, 447, 0, '2024-05-14 05:23:00', '2024-05-14 05:23:00'),
(577, 12, 448, 0, '2024-05-14 05:23:00', '2024-05-14 05:23:00'),
(578, 12, 449, 0, '2024-05-14 05:23:00', '2024-05-14 05:23:00'),
(579, 12, 450, 0, '2024-05-14 05:23:00', '2024-05-14 05:23:00'),
(580, 12, 451, 0, '2024-05-14 05:23:00', '2024-05-14 05:23:00'),
(581, 12, 452, 0, '2024-05-14 05:23:00', '2024-05-14 05:23:00'),
(582, 12, 453, 0, '2024-05-14 05:23:00', '2024-05-14 05:23:00'),
(583, 12, 454, 0, '2024-05-14 05:23:00', '2024-05-14 05:23:00'),
(584, 12, 455, 0, '2024-05-14 05:23:00', '2024-05-14 05:23:00'),
(585, 12, 456, 0, '2024-05-14 05:23:00', '2024-05-14 05:23:00'),
(586, 12, 457, 0, '2024-05-14 05:23:00', '2024-05-14 05:23:00'),
(587, 12, 458, 0, '2024-05-14 05:23:00', '2024-05-14 05:23:00'),
(588, 12, 459, 0, '2024-05-14 05:23:00', '2024-05-14 05:23:00'),
(589, 12, 460, 0, '2024-05-14 05:23:00', '2024-05-14 05:23:00'),
(590, 12, 461, 0, '2024-05-14 05:23:00', '2024-05-14 05:23:00'),
(591, 12, 462, 0, '2024-05-14 05:23:00', '2024-05-14 05:23:00'),
(592, 12, 463, 0, '2024-05-14 05:23:00', '2024-05-14 05:23:00'),
(593, 12, 464, 0, '2024-05-14 05:23:00', '2024-05-14 05:23:00'),
(594, 12, 465, 0, '2024-05-14 05:23:00', '2024-05-14 05:23:00');

SET FOREIGN_KEY_CHECKS = 1;