SET FOREIGN_KEY_CHECKS = 0;

INSERT INTO `product` (`id`, `title`, `image`, `description`, `content`, `sell`, `view`, `rating`, `status`, `priority`, `tags`, `template`, `stock_manage`, `stop_selling`, `stock_quant`, `option_1`, `option_2`, `option_3`, `option_4`, `option_5`, `option_6`, `created_at`, `updated_at`, `raw_title`, `raw_full`) VALUES
(431, 'HP LaserJet Pro M404dn', 'HP LaserJet Pro M404dn.jpg', '', '', 0, 0, 0.00, 'active', 1000, 'printer', '', 0, 'publish', 1, '', '', '', '', '', '', '2024-05-14 05:20:00', '2024-05-14 05:20:00', 'hp laserjet pro m404dn', 'hp laserjet pro m404dn hp laserjet pro m404dn là dòng máy in hp chất lượng cao, thiết kế hiện đại, hiệu suất in ấn vượt trội và tiết kiệm mực, phù hợp cho văn phòng và gia đình.'),
(432, 'Canon imageCLASS LBP2900', 'Canon imageCLASS LBP2900.jpg', '', '', 0, 0, 0.00, 'active', 1000, 'printer', '', 0, 'publish', 1, '', '', '', '', '', '', '2024-05-14 05:20:00', '2024-05-14 05:20:00', 'canon imageclass lbp2900', 'canon imageclass lbp2900 canon imageclass lbp2900 là dòng máy in canon chất lượng cao, thiết kế hiện đại, hiệu suất in ấn vượt trội và tiết kiệm mực, phù hợp cho văn phòng và gia đình.'),
(433, 'Brother HL-L2366DW', 'Brother HL-L2366DW.jpg', '', '', 0, 0, 0.00, 'active', 1000, 'printer', '', 0, 'publish', 1, '', '', '', '', '', '', '2024-05-14 05:20:00', '2024-05-14 05:20:00', 'brother hl-l2366dw', 'brother hl-l2366dw brother hl-l2366dw là dòng máy in brother chất lượng cao, thiết kế hiện đại, hiệu suất in ấn vượt trội và tiết kiệm mực, phù hợp cho văn phòng và gia đình.'),
(434, 'Epson EcoTank L3250', 'Epson EcoTank L3250.jpg', '', '', 0, 0, 0.00, 'active', 1000, 'printer', '', 0, 'publish', 1, '', '', '', '', '', '', '2024-05-14 05:20:00', '2024-05-14 05:20:00', 'epson ecotank l3250', 'epson ecotank l3250 epson ecotank l3250 là dòng máy in epson chất lượng cao, thiết kế hiện đại, hiệu suất in ấn vượt trội và tiết kiệm mực, phù hợp cho văn phòng và gia đình.'),
(435, 'Canon PIXMA G3010', 'Canon PIXMA G3010.jpg', '', '', 0, 0, 0.00, 'active', 1000, 'printer', '', 0, 'publish', 1, '', '', '', '', '', '', '2024-05-14 05:20:00', '2024-05-14 05:20:00', 'canon pixma g3010', 'canon pixma g3010 canon pixma g3010 là dòng máy in canon chất lượng cao, thiết kế hiện đại, hiệu suất in ấn vượt trội và tiết kiệm mực, phù hợp cho văn phòng và gia đình.'),
(436, 'HP Smart Tank 580', 'HP Smart Tank 580.jpg', '', '', 0, 0, 0.00, 'active', 1000, 'printer', '', 0, 'publish', 1, '', '', '', '', '', '', '2024-05-14 05:20:00', '2024-05-14 05:20:00', 'hp smart tank 580', 'hp smart tank 580 hp smart tank 580 là dòng máy in hp chất lượng cao, thiết kế hiện đại, hiệu suất in ấn vượt trội và tiết kiệm mực, phù hợp cho văn phòng và gia đình.'),
(437, 'Brother DCP-T720DW', 'Brother DCP-T720DW.jpg', '', '', 0, 0, 0.00, 'active', 1000, 'printer', '', 0, 'publish', 1, '', '', '', '', '', '', '2024-05-14 05:20:00', '2024-05-14 05:20:00', 'brother dcp-t720dw', 'brother dcp-t720dw brother dcp-t720dw là dòng máy in brother chất lượng cao, thiết kế hiện đại, hiệu suất in ấn vượt trội và tiết kiệm mực, phù hợp cho văn phòng và gia đình.'),
(438, 'Canon imageCLASS MF3010', 'Canon imageCLASS MF3010.jpg', '', '', 0, 0, 0.00, 'active', 1000, 'printer', '', 0, 'publish', 1, '', '', '', '', '', '', '2024-05-14 05:20:00', '2024-05-14 05:20:00', 'canon imageclass mf3010', 'canon imageclass mf3010 canon imageclass mf3010 là dòng máy in canon chất lượng cao, thiết kế hiện đại, hiệu suất in ấn vượt trội và tiết kiệm mực, phù hợp cho văn phòng và gia đình.'),
(439, 'HP LaserJet Pro MFP M428fdw', 'HP LaserJet Pro MFP M428fdw.jpg', '', '', 0, 0, 0.00, 'active', 1000, 'printer', '', 0, 'publish', 1, '', '', '', '', '', '', '2024-05-14 05:20:00', '2024-05-14 05:20:00', 'hp laserjet pro mfp m428fdw', 'hp laserjet pro mfp m428fdw hp laserjet pro mfp m428fdw là dòng máy in hp chất lượng cao, thiết kế hiện đại, hiệu suất in ấn vượt trội và tiết kiệm mực, phù hợp cho văn phòng và gia đình.'),
(440, 'Brother HL-L3270CDW', 'Brother HL-L3270CDW.jpg', '', '', 0, 0, 0.00, 'active', 1000, 'printer', '', 0, 'publish', 1, '', '', '', '', '', '', '2024-05-14 05:20:00', '2024-05-14 05:20:00', 'brother hl-l3270cdw', 'brother hl-l3270cdw brother hl-l3270cdw là dòng máy in brother chất lượng cao, thiết kế hiện đại, hiệu suất in ấn vượt trội và tiết kiệm mực, phù hợp cho văn phòng và gia đình.'),
(441, 'Xerox Phaser 6510DN', 'Xerox Phaser 6510DN.jpg', '', '', 0, 0, 0.00, 'active', 1000, 'printer', '', 0, 'publish', 1, '', '', '', '', '', '', '2024-05-14 05:20:00', '2024-05-14 05:20:00', 'xerox phaser 6510dn', 'xerox phaser 6510dn xerox phaser 6510dn là dòng máy in xerox chất lượng cao, thiết kế hiện đại, hiệu suất in ấn vượt trội và tiết kiệm mực, phù hợp cho văn phòng và gia đình.'),
(442, 'Pantum P2500W', 'Pantum P2500W.jpg', '', '', 0, 0, 0.00, 'active', 1000, 'printer', '', 0, 'publish', 1, '', '', '', '', '', '', '2024-05-14 05:20:00', '2024-05-14 05:20:00', 'pantum p2500w', 'pantum p2500w pantum p2500w là dòng máy in pantum chất lượng cao, thiết kế hiện đại, hiệu suất in ấn vượt trội và tiết kiệm mực, phù hợp cho văn phòng và gia đình.'),
(443, 'Epson EcoTank M3170', 'Epson EcoTank M3170.jpg', '', '', 0, 0, 0.00, 'active', 1000, 'printer', '', 0, 'publish', 1, '', '', '', '', '', '', '2024-05-14 05:20:00', '2024-05-14 05:20:00', 'epson ecotank m3170', 'epson ecotank m3170 epson ecotank m3170 là dòng máy in epson chất lượng cao, thiết kế hiện đại, hiệu suất in ấn vượt trội và tiết kiệm mực, phù hợp cho văn phòng và gia đình.'),
(444, 'HP Color LaserJet Pro M255dw', 'HP Color LaserJet Pro M255dw.jpg', '', '', 0, 0, 0.00, 'active', 1000, 'printer', '', 0, 'publish', 1, '', '', '', '', '', '', '2024-05-14 05:20:00', '2024-05-14 05:20:00', 'hp color laserjet pro m255dw', 'hp color laserjet pro m255dw hp color laserjet pro m255dw là dòng máy in hp chất lượng cao, thiết kế hiện đại, hiệu suất in ấn vượt trội và tiết kiệm mực, phù hợp cho văn phòng và gia đình.'),
(445, 'Epson L3210', 'Epson L3210.jpg', '', '', 0, 0, 0.00, 'active', 1000, 'printer', '', 0, 'publish', 1, '', '', '', '', '', '', '2024-05-14 05:20:00', '2024-05-14 05:20:00', 'epson l3210', 'epson l3210 epson l3210 là dòng máy in epson chất lượng cao, thiết kế hiện đại, hiệu suất in ấn vượt trội và tiết kiệm mực, phù hợp cho văn phòng và gia đình.');

INSERT INTO `variant` (`id`, `title`, `product_id`, `option_1`, `option_2`, `option_3`, `option_4`, `option_5`, `option_6`, `barcode`, `sku_code`, `weight`, `price`, `sale_id`, `price_compare`, `stock_quant`, `status`, `note`, `created_at`, `updated_at`) VALUES
(424, 'Default', 431, '', '', '', '', '', '', '', '', 0, 0, NULL, 0, 1, 'active', '', '2024-05-14 05:20:00', '2024-05-14 05:20:00'),
(425, 'Default', 432, '', '', '', '', '', '', '', '', 0, 0, NULL, 0, 1, 'active', '', '2024-05-14 05:20:00', '2024-05-14 05:20:00'),
(426, 'Default', 433, '', '', '', '', '', '', '', '', 0, 0, NULL, 0, 1, 'active', '', '2024-05-14 05:20:00', '2024-05-14 05:20:00'),
(427, 'Default', 434, '', '', '', '', '', '', '', '', 0, 0, NULL, 0, 1, 'active', '', '2024-05-14 05:20:00', '2024-05-14 05:20:00'),
(428, 'Default', 435, '', '', '', '', '', '', '', '', 0, 0, NULL, 0, 1, 'active', '', '2024-05-14 05:20:00', '2024-05-14 05:20:00'),
(429, 'Default', 436, '', '', '', '', '', '', '', '', 0, 0, NULL, 0, 1, 'active', '', '2024-05-14 05:20:00', '2024-05-14 05:20:00'),
(430, 'Default', 437, '', '', '', '', '', '', '', '', 0, 0, NULL, 0, 1, 'active', '', '2024-05-14 05:20:00', '2024-05-14 05:20:00'),
(431, 'Default', 438, '', '', '', '', '', '', '', '', 0, 0, NULL, 0, 1, 'active', '', '2024-05-14 05:20:00', '2024-05-14 05:20:00'),
(432, 'Default', 439, '', '', '', '', '', '', '', '', 0, 0, NULL, 0, 1, 'active', '', '2024-05-14 05:20:00', '2024-05-14 05:20:00'),
(433, 'Default', 440, '', '', '', '', '', '', '', '', 0, 0, NULL, 0, 1, 'active', '', '2024-05-14 05:20:00', '2024-05-14 05:20:00'),
(434, 'Default', 441, '', '', '', '', '', '', '', '', 0, 0, NULL, 0, 1, 'active', '', '2024-05-14 05:20:00', '2024-05-14 05:20:00'),
(435, 'Default', 442, '', '', '', '', '', '', '', '', 0, 0, NULL, 0, 1, 'active', '', '2024-05-14 05:20:00', '2024-05-14 05:20:00'),
(436, 'Default', 443, '', '', '', '', '', '', '', '', 0, 0, NULL, 0, 1, 'active', '', '2024-05-14 05:20:00', '2024-05-14 05:20:00'),
(437, 'Default', 444, '', '', '', '', '', '', '', '', 0, 0, NULL, 0, 1, 'active', '', '2024-05-14 05:20:00', '2024-05-14 05:20:00'),
(438, 'Default', 445, '', '', '', '', '', '', '', '', 0, 0, NULL, 0, 1, 'active', '', '2024-05-14 05:20:00', '2024-05-14 05:20:00');

INSERT INTO `product_translations` (`id`, `product_id`, `lang`, `title`, `description`, `content`, `created_at`, `updated_at`) VALUES
(431, 431, 'vi', 'HP LaserJet Pro M404dn', '', '<p>HP LaserJet Pro M404dn là dòng máy in HP chất lượng cao, thiết kế hiện đại, hiệu suất in ấn vượt trội và tiết kiệm mực, phù hợp cho văn phòng và gia đình.</p>', '2024-05-14 05:20:00', '2024-05-14 05:20:00'),
(432, 432, 'vi', 'Canon imageCLASS LBP2900', '', '<p>Canon imageCLASS LBP2900 là dòng máy in Canon chất lượng cao, thiết kế hiện đại, hiệu suất in ấn vượt trội và tiết kiệm mực, phù hợp cho văn phòng và gia đình.</p>', '2024-05-14 05:20:00', '2024-05-14 05:20:00'),
(433, 433, 'vi', 'Brother HL-L2366DW', '', '<p>Brother HL-L2366DW là dòng máy in Brother chất lượng cao, thiết kế hiện đại, hiệu suất in ấn vượt trội và tiết kiệm mực, phù hợp cho văn phòng và gia đình.</p>', '2024-05-14 05:20:00', '2024-05-14 05:20:00'),
(434, 434, 'vi', 'Epson EcoTank L3250', '', '<p>Epson EcoTank L3250 là dòng máy in Epson chất lượng cao, thiết kế hiện đại, hiệu suất in ấn vượt trội và tiết kiệm mực, phù hợp cho văn phòng và gia đình.</p>', '2024-05-14 05:20:00', '2024-05-14 05:20:00'),
(435, 435, 'vi', 'Canon PIXMA G3010', '', '<p>Canon PIXMA G3010 là dòng máy in Canon chất lượng cao, thiết kế hiện đại, hiệu suất in ấn vượt trội và tiết kiệm mực, phù hợp cho văn phòng và gia đình.</p>', '2024-05-14 05:20:00', '2024-05-14 05:20:00'),
(436, 436, 'vi', 'HP Smart Tank 580', '', '<p>HP Smart Tank 580 là dòng máy in HP chất lượng cao, thiết kế hiện đại, hiệu suất in ấn vượt trội và tiết kiệm mực, phù hợp cho văn phòng và gia đình.</p>', '2024-05-14 05:20:00', '2024-05-14 05:20:00'),
(437, 437, 'vi', 'Brother DCP-T720DW', '', '<p>Brother DCP-T720DW là dòng máy in Brother chất lượng cao, thiết kế hiện đại, hiệu suất in ấn vượt trội và tiết kiệm mực, phù hợp cho văn phòng và gia đình.</p>', '2024-05-14 05:20:00', '2024-05-14 05:20:00'),
(438, 438, 'vi', 'Canon imageCLASS MF3010', '', '<p>Canon imageCLASS MF3010 là dòng máy in Canon chất lượng cao, thiết kế hiện đại, hiệu suất in ấn vượt trội và tiết kiệm mực, phù hợp cho văn phòng và gia đình.</p>', '2024-05-14 05:20:00', '2024-05-14 05:20:00'),
(439, 439, 'vi', 'HP LaserJet Pro MFP M428fdw', '', '<p>HP LaserJet Pro MFP M428fdw là dòng máy in HP chất lượng cao, thiết kế hiện đại, hiệu suất in ấn vượt trội và tiết kiệm mực, phù hợp cho văn phòng và gia đình.</p>', '2024-05-14 05:20:00', '2024-05-14 05:20:00'),
(440, 440, 'vi', 'Brother HL-L3270CDW', '', '<p>Brother HL-L3270CDW là dòng máy in Brother chất lượng cao, thiết kế hiện đại, hiệu suất in ấn vượt trội và tiết kiệm mực, phù hợp cho văn phòng và gia đình.</p>', '2024-05-14 05:20:00', '2024-05-14 05:20:00'),
(441, 441, 'vi', 'Xerox Phaser 6510DN', '', '<p>Xerox Phaser 6510DN là dòng máy in Xerox chất lượng cao, thiết kế hiện đại, hiệu suất in ấn vượt trội và tiết kiệm mực, phù hợp cho văn phòng và gia đình.</p>', '2024-05-14 05:20:00', '2024-05-14 05:20:00'),
(442, 442, 'vi', 'Pantum P2500W', '', '<p>Pantum P2500W là dòng máy in Pantum chất lượng cao, thiết kế hiện đại, hiệu suất in ấn vượt trội và tiết kiệm mực, phù hợp cho văn phòng và gia đình.</p>', '2024-05-14 05:20:00', '2024-05-14 05:20:00'),
(443, 443, 'vi', 'Epson EcoTank M3170', '', '<p>Epson EcoTank M3170 là dòng máy in Epson chất lượng cao, thiết kế hiện đại, hiệu suất in ấn vượt trội và tiết kiệm mực, phù hợp cho văn phòng và gia đình.</p>', '2024-05-14 05:20:00', '2024-05-14 05:20:00'),
(444, 444, 'vi', 'HP Color LaserJet Pro M255dw', '', '<p>HP Color LaserJet Pro M255dw là dòng máy in HP chất lượng cao, thiết kế hiện đại, hiệu suất in ấn vượt trội và tiết kiệm mực, phù hợp cho văn phòng và gia đình.</p>', '2024-05-14 05:20:00', '2024-05-14 05:20:00'),
(445, 445, 'vi', 'Epson L3210', '', '<p>Epson L3210 là dòng máy in Epson chất lượng cao, thiết kế hiện đại, hiệu suất in ấn vượt trội và tiết kiệm mực, phù hợp cho văn phòng và gia đình.</p>', '2024-05-14 05:20:00', '2024-05-14 05:20:00');

INSERT INTO `slug` (`id`, `post_id`, `post_type`, `lang`, `handle`, `created_at`, `updated_at`) VALUES
(967, 431, 'product', 'vi', 'hp-laserjet-pro-m404dn', '2024-05-14 05:20:00', '2024-05-14 05:20:00'),
(968, 431, 'product', 'en', 'hp-laserjet-pro-m404dn', '2024-05-14 05:20:00', '2024-05-14 05:20:00'),
(969, 432, 'product', 'vi', 'canon-imageclass-lbp2900', '2024-05-14 05:20:00', '2024-05-14 05:20:00'),
(970, 432, 'product', 'en', 'canon-imageclass-lbp2900', '2024-05-14 05:20:00', '2024-05-14 05:20:00'),
(971, 433, 'product', 'vi', 'brother-hl-l2366dw', '2024-05-14 05:20:00', '2024-05-14 05:20:00'),
(972, 433, 'product', 'en', 'brother-hl-l2366dw', '2024-05-14 05:20:00', '2024-05-14 05:20:00'),
(973, 434, 'product', 'vi', 'epson-ecotank-l3250', '2024-05-14 05:20:00', '2024-05-14 05:20:00'),
(974, 434, 'product', 'en', 'epson-ecotank-l3250', '2024-05-14 05:20:00', '2024-05-14 05:20:00'),
(975, 435, 'product', 'vi', 'canon-pixma-g3010', '2024-05-14 05:20:00', '2024-05-14 05:20:00'),
(976, 435, 'product', 'en', 'canon-pixma-g3010', '2024-05-14 05:20:00', '2024-05-14 05:20:00'),
(977, 436, 'product', 'vi', 'hp-smart-tank-580', '2024-05-14 05:20:00', '2024-05-14 05:20:00'),
(978, 436, 'product', 'en', 'hp-smart-tank-580', '2024-05-14 05:20:00', '2024-05-14 05:20:00'),
(979, 437, 'product', 'vi', 'brother-dcp-t720dw', '2024-05-14 05:20:00', '2024-05-14 05:20:00'),
(980, 437, 'product', 'en', 'brother-dcp-t720dw', '2024-05-14 05:20:00', '2024-05-14 05:20:00'),
(981, 438, 'product', 'vi', 'canon-imageclass-mf3010', '2024-05-14 05:20:00', '2024-05-14 05:20:00'),
(982, 438, 'product', 'en', 'canon-imageclass-mf3010', '2024-05-14 05:20:00', '2024-05-14 05:20:00'),
(983, 439, 'product', 'vi', 'hp-laserjet-pro-mfp-m428fdw', '2024-05-14 05:20:00', '2024-05-14 05:20:00'),
(984, 439, 'product', 'en', 'hp-laserjet-pro-mfp-m428fdw', '2024-05-14 05:20:00', '2024-05-14 05:20:00'),
(985, 440, 'product', 'vi', 'brother-hl-l3270cdw', '2024-05-14 05:20:00', '2024-05-14 05:20:00'),
(986, 440, 'product', 'en', 'brother-hl-l3270cdw', '2024-05-14 05:20:00', '2024-05-14 05:20:00'),
(987, 441, 'product', 'vi', 'xerox-phaser-6510dn', '2024-05-14 05:20:00', '2024-05-14 05:20:00'),
(988, 441, 'product', 'en', 'xerox-phaser-6510dn', '2024-05-14 05:20:00', '2024-05-14 05:20:00'),
(989, 442, 'product', 'vi', 'pantum-p2500w', '2024-05-14 05:20:00', '2024-05-14 05:20:00'),
(990, 442, 'product', 'en', 'pantum-p2500w', '2024-05-14 05:20:00', '2024-05-14 05:20:00'),
(991, 443, 'product', 'vi', 'epson-ecotank-m3170', '2024-05-14 05:20:00', '2024-05-14 05:20:00'),
(992, 443, 'product', 'en', 'epson-ecotank-m3170', '2024-05-14 05:20:00', '2024-05-14 05:20:00'),
(993, 444, 'product', 'vi', 'hp-color-laserjet-pro-m255dw', '2024-05-14 05:20:00', '2024-05-14 05:20:00'),
(994, 444, 'product', 'en', 'hp-color-laserjet-pro-m255dw', '2024-05-14 05:20:00', '2024-05-14 05:20:00'),
(995, 445, 'product', 'vi', 'epson-l3210', '2024-05-14 05:20:00', '2024-05-14 05:20:00'),
(996, 445, 'product', 'en', 'epson-l3210', '2024-05-14 05:20:00', '2024-05-14 05:20:00');

INSERT INTO `collection_product` (`id`, `collection_id`, `product_id`, `priority`, `created_at`, `updated_at`) VALUES
(560, 15, 431, 0, '2024-05-14 05:20:00', '2024-05-14 05:20:00'),
(561, 15, 432, 0, '2024-05-14 05:20:00', '2024-05-14 05:20:00'),
(562, 15, 433, 0, '2024-05-14 05:20:00', '2024-05-14 05:20:00'),
(563, 15, 434, 0, '2024-05-14 05:20:00', '2024-05-14 05:20:00'),
(564, 15, 435, 0, '2024-05-14 05:20:00', '2024-05-14 05:20:00'),
(565, 15, 436, 0, '2024-05-14 05:20:00', '2024-05-14 05:20:00'),
(566, 15, 437, 0, '2024-05-14 05:20:00', '2024-05-14 05:20:00'),
(567, 15, 438, 0, '2024-05-14 05:20:00', '2024-05-14 05:20:00'),
(568, 15, 439, 0, '2024-05-14 05:20:00', '2024-05-14 05:20:00'),
(569, 15, 440, 0, '2024-05-14 05:20:00', '2024-05-14 05:20:00'),
(570, 15, 441, 0, '2024-05-14 05:20:00', '2024-05-14 05:20:00'),
(571, 15, 442, 0, '2024-05-14 05:20:00', '2024-05-14 05:20:00'),
(572, 15, 443, 0, '2024-05-14 05:20:00', '2024-05-14 05:20:00'),
(573, 15, 444, 0, '2024-05-14 05:20:00', '2024-05-14 05:20:00'),
(574, 15, 445, 0, '2024-05-14 05:20:00', '2024-05-14 05:20:00');

SET FOREIGN_KEY_CHECKS = 1;