SET FOREIGN_KEY_CHECKS = 0;

INSERT INTO `product` (`id`, `title`, `image`, `description`, `content`, `sell`, `view`, `rating`, `status`, `priority`, `tags`, `template`, `stock_manage`, `stop_selling`, `stock_quant`, `option_1`, `option_2`, `option_3`, `option_4`, `option_5`, `option_6`, `created_at`, `updated_at`, `raw_title`, `raw_full`) VALUES
(374, 'TP-Lmuc Archer AX55', 'TP-Lmuc Archer AX55.jpg', '', '', 0, 0, 0.00, 'active', 1000, 'internet', '', 0, 'publish', 1, '', '', '', '', '', '', '2024-05-14 04:40:00', '2024-05-14 04:40:00', 'tp-lmuc archer ax55', 'tp-lmuc archer ax55 bộ định tuyến wifi 6 phổ biến được thiết kế cho mạng gia đình và van-phong tốc độ cao. có tốc độ ax3000 băng tần kép, cổng gigabit wan/lan, công nghệ ofdma và mu-mimo, bảo mật wpa3, hỗ trợ onemesh, kiểm soát của phụ huynh và phạm vi phủ sóng mạnh mẽ cho môi trường chơi game và phát trực tuyến.'),
(375, 'ASUS RT-AX52', 'ASUS RT-AX52.jpg', '', '', 0, 0, 0.00, 'active', 1000, 'internet', '', 0, 'publish', 1, '', '', '', '', '', '', '2024-05-14 04:40:00', '2024-05-14 04:40:00', 'asus rt-ax52', 'asus rt-ax52 bộ định tuyến wifi 6 được mua rộng rãi với tốc độ băng tần kép ax1800, bảo mật asus aiprotection, kiểm soát của phụ huynh, cổng gigabit ethernet, hỗ trợ ofdma, khả năng tương thích lưới và hiệu suất không dây ổn định cho gia đình và xe van.'),
(376, 'TP-Lmuc Archer C54', 'TP-Lmuc Archer C54.jpg', '', '', 0, 0, 0.00, 'active', 1000, 'internet', '', 0, 'publish', 1, '', '', '', '', '', '', '2024-05-14 04:40:00', '2024-05-14 04:40:00', 'tp-lmuc archer c54', 'tp-lmuc archer c54 bộ định tuyến wifi băng tần kép ac1200 giá cả phải chăng được thiết kế để sử dụng internet hàng ngày. có bốn ăng-ten bên ngoài, kiểm soát của phụ huynh, hỗ trợ mạng khách, khả năng tương thích iptv và vùng phủ sóng không dây đáng tin cậy cho những ngôi nhà nhỏ và xe van-phong.'),
(377, 'NETGEAR Nighthawk RAX50', 'NETGEAR Nighthawk RAX50.jpg', '', '', 0, 0, 0.00, 'active', 1000, 'internet', '', 0, 'publish', 1, '', '', '', '', '', '', '2024-05-14 04:40:00', '2024-05-14 04:40:00', 'netgear nighthawk rax50', 'netgear nighthawk rax50 bộ định tuyến wifi 6 hiệu suất cao được thiết kế để chơi game và phát trực tuyến. có tốc độ ax5400, kết nối băng tần kép, bảo vệ bảo mật nâng cao, cổng gigabit ethernet, hỗ trợ usb 3.0 và hiệu suất không dây đa thiết bị mạnh mẽ.'),
(378, 'Mercusys MW302R', 'Mercusys MW302R.jpg', '', '', 0, 0, 0.00, 'active', 1000, 'internet', '', 0, 'publish', 1, '', '', '', '', '', '', '2024-05-14 04:40:00', '2024-05-14 04:40:00', 'mercusys mw302r', 'mercusys mw302r bộ định tuyến không dây thân thiện với ngân sách được thiết kế cho mạng gia đình và van-phong cơ bản. có tốc độ không dây 300mbps, ăng-ten kép bên ngoài, thiết kế nhỏ gọn, thiết lập dễ dàng và chia sẻ internet đáng tin cậy cho không gian nhỏ.'),
(379, 'UGREEN Cat6 Ethernet Cable', 'UGREEN Cat6 Ethernet Cable.jpg', '', '', 0, 0, 0.00, 'active', 1000, 'internet', '', 0, 'publish', 1, '', '', '', '', '', '', '2024-05-14 04:40:00', '2024-05-14 04:40:00', 'ugreen cat6 ethernet cable', 'ugreen cat6 ethernet cable cáp internet cat6 tốc độ cao được thiết kế để kết nối mạng gigabit ổn định. có đầu nối rj45, tốc độ truyền lên đến 1000mbps, che chắn chống nhiễu, áo khoác pvc bền và khả năng tương thích với bộ định tuyến, pc, thiết bị chuyển mạch và bảng điều khiển trò chơi.'),
(380, 'Vention Cat6 Ethernet Cable', 'Vention Cat6 Ethernet Cable.jpg', '', '', 0, 0, 0.00, 'active', 1000, 'internet', '', 0, 'publish', 1, '', '', '', '', '', '', '2024-05-14 04:40:00', '2024-05-14 04:40:00', 'vention cat6 ethernet cable', 'vention cat6 ethernet cable cáp mạng cat6 phổ biến được thiết kế để kết nối internet có dây đáng tin cậy. có lõi đồng nguyên chất, đầu nối rj45, hỗ trợ tốc độ gigabit, che chắn chống ồn, kết cấu bện bền và khả năng tương thích với bộ định tuyến và hệ thống máy tính để bàn.'),
(381, 'AMP CAT6 UTP Cable', 'AMP CAT6 UTP Cable.jpg', '', '', 0, 0, 0.00, 'active', 1000, 'internet', '', 0, 'publish', 1, '', '', '', '', '', '', '2024-05-14 04:40:00', '2024-05-14 04:40:00', 'amp cat6 utp cable', 'amp cat6 utp cable cáp mạng cat6 cấp chuyên nghiệp được thiết kế cho mạng van-phong và doanh nghiệp. có dây dẫn bằng đồng nguyên chất, truyền dữ liệu gigabit ổn định, cách điện bền, truyền nhiễu thấp và hỗ trợ cài đặt mạng có cấu trúc.'),
(382, 'Dintek CAT6 Patch Cord', 'Dintek CAT6 Patch Cord.jpg', '', '', 0, 0, 0.00, 'active', 1000, 'internet', '', 0, 'publish', 1, '', '', '', '', '', '', '2024-05-14 04:40:00', '2024-05-14 04:40:00', 'dintek cat6 patch cord', 'dintek cat6 patch cord cáp mạng được sử dụng rộng rãi có hỗ trợ gigabit ethernet tốc độ cao, đầu nối rj45 đúc, kết cấu bền linh hoạt, truyền tín hiệu ổn định và khả năng tương thích với thiết bị chuyển mạch, bộ định tuyến, pc và hệ thống mạng doanh nghiệp.'),
(383, 'Belkin Cat6 Ethernet Cable', 'Belkin Cat6 Ethernet Cable.jpg', '', '', 0, 0, 0.00, 'active', 1000, 'internet', '', 0, 'publish', 1, '', '', '', '', '', '', '2024-05-14 04:40:00', '2024-05-14 04:40:00', 'belkin cat6 ethernet cable', 'belkin cat6 ethernet cable cáp internet cat6 cao cấp được thiết kế để kết nối mạng tốc độ cao đáng tin cậy. có hỗ trợ gigabit ethernet, đầu nối rj45, lớp phủ pvc bền, che chắn chống nhiễu và kết nối có dây ổn định cho các thiết lập van-phong và chơi game.'),
(384, 'TP-Lmuc TL-SG108', 'TP-Lmuc TL-SG108.jpg', '', '', 0, 0, 0.00, 'active', 1000, 'internet', '', 0, 'publish', 1, '', '', '', '', '', '', '2024-05-14 04:40:00', '2024-05-14 04:40:00', 'tp-lmuc tl-sg108', 'tp-lmuc tl-sg108 một trong những thiết bị chuyển mạch gigabit không được quản lý phổ biến nhất trên thế giới có 8 cổng gigabit ethernet, thiết lập plug-and-play, vỏ kim loại, công nghệ tiết kiệm năng lượng, hoạt động im lặng không quạt và hiệu suất mạng gia đình đáng tin cậy.'),
(385, 'TP-Lmuc TL-SG1005D', 'TP-Lmuc TL-SG1005D.jpg', '', '', 0, 0, 0.00, 'active', 1000, 'internet', '', 0, 'publish', 1, '', '', '', '', '', '', '2024-05-14 04:40:00', '2024-05-14 04:40:00', 'tp-lmuc tl-sg1005d', 'tp-lmuc tl-sg1005d bộ chuyển mạch máy tính để bàn gigabit 5 cổng nhỏ gọn được thiết kế để mở rộng gia đình và van-phong. tính năng cài đặt plug-and-play, hoạt động im lặng không quạt, công nghệ tiết kiệm năng lượng, thiết kế máy tính để bàn nhỏ gọn và hiệu suất mạng có dây ổn định.'),
(386, 'Netgear ProSafe GS105', 'Netgear ProSafe GS105.jpg', '', '', 0, 0, 0.00, 'active', 1000, 'internet', '', 0, 'publish', 1, '', '', '', '', '', '', '2024-05-14 04:40:00', '2024-05-14 04:40:00', 'netgear prosafe gs105', 'netgear prosafe gs105 bộ chuyển mạch gigabit không được quản lý đáng tin cậy được thiết kế cho mạng van-phong và doanh nghiệp. có 5 cổng gigabit ethernet, khung kim loại, hoạt động không quạt, kết nối plug-and-play, hiệu suất tiết kiệm năng lượng và thiết kế thương mại bền bỉ.'),
(387, 'Cisco CBS110-8T-D', 'Cisco CBS110-8T-D.jpg', '', '', 0, 0, 0.00, 'active', 1000, 'internet', '', 0, 'publish', 1, '', '', '', '', '', '', '2024-05-14 04:40:00', '2024-05-14 04:40:00', 'cisco cbs110-8t-d', 'cisco cbs110-8t-d bộ chuyển mạch mạng không được quản lý cấp doanh nghiệp được thiết kế cho các xe tải nhỏ và mạng doanh nghiệp. có 8 cổng gigabit ethernet, hoạt động tiết kiệm năng lượng, thiết kế nhỏ gọn, cài đặt plug-and-play và hiệu suất mạng thương mại đáng tin cậy.'),
(388, 'D-Lmuc DGS-108', 'D-Lmuc DGS-108.jpg', '', '', 0, 0, 0.00, 'active', 1000, 'internet', '', 0, 'publish', 1, '', '', '', '', '', '', '2024-05-14 04:40:00', '2024-05-14 04:40:00', 'd-lmuc dgs-108', 'd-lmuc dgs-108 bộ chuyển mạch gigabit 8 cổng được mua rộng rãi được thiết kế cho van-phong và mạng có dây gia đình. có vỏ kim loại, thiết lập plug-and-play, tối ưu hóa lưu lượng qos, hoạt động im lặng không quạt và hiệu suất gigabit ethernet tiết kiệm năng lượng.');

INSERT INTO `variant` (`id`, `title`, `product_id`, `option_1`, `option_2`, `option_3`, `option_4`, `option_5`, `option_6`, `barcode`, `sku_code`, `weight`, `price`, `sale_id`, `price_compare`, `stock_quant`, `status`, `note`, `created_at`, `updated_at`) VALUES
(367, 'Default', 374, '', '', '', '', '', '', '', '', 0, 0, NULL, 0, 1, 'active', '', '2024-05-14 04:40:00', '2024-05-14 04:40:00'),
(368, 'Default', 375, '', '', '', '', '', '', '', '', 0, 0, NULL, 0, 1, 'active', '', '2024-05-14 04:40:00', '2024-05-14 04:40:00'),
(369, 'Default', 376, '', '', '', '', '', '', '', '', 0, 0, NULL, 0, 1, 'active', '', '2024-05-14 04:40:00', '2024-05-14 04:40:00'),
(370, 'Default', 377, '', '', '', '', '', '', '', '', 0, 0, NULL, 0, 1, 'active', '', '2024-05-14 04:40:00', '2024-05-14 04:40:00'),
(371, 'Default', 378, '', '', '', '', '', '', '', '', 0, 0, NULL, 0, 1, 'active', '', '2024-05-14 04:40:00', '2024-05-14 04:40:00'),
(372, 'Default', 379, '', '', '', '', '', '', '', '', 0, 0, NULL, 0, 1, 'active', '', '2024-05-14 04:40:00', '2024-05-14 04:40:00'),
(373, 'Default', 380, '', '', '', '', '', '', '', '', 0, 0, NULL, 0, 1, 'active', '', '2024-05-14 04:40:00', '2024-05-14 04:40:00'),
(374, 'Default', 381, '', '', '', '', '', '', '', '', 0, 0, NULL, 0, 1, 'active', '', '2024-05-14 04:40:00', '2024-05-14 04:40:00'),
(375, 'Default', 382, '', '', '', '', '', '', '', '', 0, 0, NULL, 0, 1, 'active', '', '2024-05-14 04:40:00', '2024-05-14 04:40:00'),
(376, 'Default', 383, '', '', '', '', '', '', '', '', 0, 0, NULL, 0, 1, 'active', '', '2024-05-14 04:40:00', '2024-05-14 04:40:00'),
(377, 'Default', 384, '', '', '', '', '', '', '', '', 0, 0, NULL, 0, 1, 'active', '', '2024-05-14 04:40:00', '2024-05-14 04:40:00'),
(378, 'Default', 385, '', '', '', '', '', '', '', '', 0, 0, NULL, 0, 1, 'active', '', '2024-05-14 04:40:00', '2024-05-14 04:40:00'),
(379, 'Default', 386, '', '', '', '', '', '', '', '', 0, 0, NULL, 0, 1, 'active', '', '2024-05-14 04:40:00', '2024-05-14 04:40:00'),
(380, 'Default', 387, '', '', '', '', '', '', '', '', 0, 0, NULL, 0, 1, 'active', '', '2024-05-14 04:40:00', '2024-05-14 04:40:00'),
(381, 'Default', 388, '', '', '', '', '', '', '', '', 0, 0, NULL, 0, 1, 'active', '', '2024-05-14 04:40:00', '2024-05-14 04:40:00');

INSERT INTO `product_translations` (`id`, `product_id`, `lang`, `title`, `description`, `content`, `created_at`, `updated_at`) VALUES
(374, 374, 'vi', 'TP-Lmuc Archer AX55', '', '<p>Bộ định tuyến WiFi 6 phổ biến được thiết kế cho mạng gia đình và van-phong tốc độ cao. Có tốc độ AX3000 băng tần kép, cổng Gigabit WAN/LAN, công nghệ OFDMA và MU-MIMO, bảo mật WPA3, hỗ trợ OneMesh, kiểm soát của phụ huynh và phạm vi phủ sóng mạnh mẽ cho môi trường chơi game và phát trực tuyến.</p>', '2024-05-14 04:40:00', '2024-05-14 04:40:00'),
(375, 375, 'vi', 'ASUS RT-AX52', '', '<p>Bộ định tuyến WiFi 6 được mua rộng rãi với tốc độ băng tần kép AX1800, bảo mật ASUS AiProtection, kiểm soát của phụ huynh, cổng Gigabit Ethernet, hỗ trợ OFDMA, khả năng tương thích lưới và hiệu suất không dây ổn định cho gia đình và xe van.</p>', '2024-05-14 04:40:00', '2024-05-14 04:40:00'),
(376, 376, 'vi', 'TP-Lmuc Archer C54', '', '<p>Bộ định tuyến WiFi băng tần kép AC1200 giá cả phải chăng được thiết kế để sử dụng internet hàng ngày. Có bốn ăng-ten bên ngoài, kiểm soát của phụ huynh, hỗ trợ mạng khách, khả năng tương thích IPTV và vùng phủ sóng không dây đáng tin cậy cho những ngôi nhà nhỏ và xe van-phong.</p>', '2024-05-14 04:40:00', '2024-05-14 04:40:00'),
(377, 377, 'vi', 'NETGEAR Nighthawk RAX50', '', '<p>Bộ định tuyến WiFi 6 hiệu suất cao được thiết kế để chơi game và phát trực tuyến. Có tốc độ AX5400, kết nối băng tần kép, bảo vệ bảo mật nâng cao, cổng Gigabit Ethernet, hỗ trợ USB 3.0 và hiệu suất không dây đa thiết bị mạnh mẽ.</p>', '2024-05-14 04:40:00', '2024-05-14 04:40:00'),
(378, 378, 'vi', 'Mercusys MW302R', '', '<p>Bộ định tuyến không dây thân thiện với ngân sách được thiết kế cho mạng gia đình và van-phong cơ bản. Có tốc độ không dây 300Mbps, ăng-ten kép bên ngoài, thiết kế nhỏ gọn, thiết lập dễ dàng và chia sẻ internet đáng tin cậy cho không gian nhỏ.</p>', '2024-05-14 04:40:00', '2024-05-14 04:40:00'),
(379, 379, 'vi', 'UGREEN Cat6 Ethernet Cable', '', '<p>Cáp internet Cat6 tốc độ cao được thiết kế để kết nối mạng Gigabit ổn định. Có đầu nối RJ45, tốc độ truyền lên đến 1000Mbps, che chắn chống nhiễu, áo khoác PVC bền và khả năng tương thích với bộ định tuyến, PC, thiết bị chuyển mạch và bảng điều khiển trò chơi.</p>', '2024-05-14 04:40:00', '2024-05-14 04:40:00'),
(380, 380, 'vi', 'Vention Cat6 Ethernet Cable', '', '<p>Cáp mạng Cat6 phổ biến được thiết kế để kết nối internet có dây đáng tin cậy. Có lõi đồng nguyên chất, đầu nối RJ45, hỗ trợ tốc độ Gigabit, che chắn chống ồn, kết cấu bện bền và khả năng tương thích với bộ định tuyến và hệ thống máy tính để bàn.</p>', '2024-05-14 04:40:00', '2024-05-14 04:40:00'),
(381, 381, 'vi', 'AMP CAT6 UTP Cable', '', '<p>Cáp mạng CAT6 cấp chuyên nghiệp được thiết kế cho mạng van-phong và doanh nghiệp. Có dây dẫn bằng đồng nguyên chất, truyền dữ liệu Gigabit ổn định, cách điện bền, truyền nhiễu thấp và hỗ trợ cài đặt mạng có cấu trúc.</p>', '2024-05-14 04:40:00', '2024-05-14 04:40:00'),
(382, 382, 'vi', 'Dintek CAT6 Patch Cord', '', '<p>Cáp mạng được sử dụng rộng rãi có hỗ trợ Gigabit Ethernet tốc độ cao, đầu nối RJ45 đúc, kết cấu bền linh hoạt, truyền tín hiệu ổn định và khả năng tương thích với thiết bị chuyển mạch, bộ định tuyến, PC và hệ thống mạng doanh nghiệp.</p>', '2024-05-14 04:40:00', '2024-05-14 04:40:00'),
(383, 383, 'vi', 'Belkin Cat6 Ethernet Cable', '', '<p>Cáp internet Cat6 cao cấp được thiết kế để kết nối mạng tốc độ cao đáng tin cậy. Có hỗ trợ Gigabit Ethernet, đầu nối RJ45, lớp phủ PVC bền, che chắn chống nhiễu và kết nối có dây ổn định cho các thiết lập van-phong và chơi game.</p>', '2024-05-14 04:40:00', '2024-05-14 04:40:00'),
(384, 384, 'vi', 'TP-Lmuc TL-SG108', '', '<p>Một trong những thiết bị chuyển mạch Gigabit không được quản lý phổ biến nhất trên thế giới có 8 cổng Gigabit Ethernet, thiết lập plug-and-play, vỏ kim loại, công nghệ tiết kiệm năng lượng, hoạt động im lặng không quạt và hiệu suất mạng gia đình đáng tin cậy.</p>', '2024-05-14 04:40:00', '2024-05-14 04:40:00'),
(385, 385, 'vi', 'TP-Lmuc TL-SG1005D', '', '<p>Bộ chuyển mạch máy tính để bàn Gigabit 5 cổng nhỏ gọn được thiết kế để mở rộng gia đình và van-phong. Tính năng cài đặt plug-and-play, hoạt động im lặng không quạt, công nghệ tiết kiệm năng lượng, thiết kế máy tính để bàn nhỏ gọn và hiệu suất mạng có dây ổn định.</p>', '2024-05-14 04:40:00', '2024-05-14 04:40:00'),
(386, 386, 'vi', 'Netgear ProSafe GS105', '', '<p>Bộ chuyển mạch Gigabit không được quản lý đáng tin cậy được thiết kế cho mạng van-phong và doanh nghiệp. Có 5 cổng Gigabit Ethernet, khung kim loại, hoạt động không quạt, kết nối plug-and-play, hiệu suất tiết kiệm năng lượng và thiết kế thương mại bền bỉ.</p>', '2024-05-14 04:40:00', '2024-05-14 04:40:00'),
(387, 387, 'vi', 'Cisco CBS110-8T-D', '', '<p>Bộ chuyển mạch mạng không được quản lý cấp doanh nghiệp được thiết kế cho các xe tải nhỏ và mạng doanh nghiệp. Có 8 cổng Gigabit Ethernet, hoạt động tiết kiệm năng lượng, thiết kế nhỏ gọn, cài đặt plug-and-play và hiệu suất mạng thương mại đáng tin cậy.</p>', '2024-05-14 04:40:00', '2024-05-14 04:40:00'),
(388, 388, 'vi', 'D-Lmuc DGS-108', '', '<p>Bộ chuyển mạch Gigabit 8 cổng được mua rộng rãi được thiết kế cho van-phong và mạng có dây gia đình. Có vỏ kim loại, thiết lập plug-and-play, tối ưu hóa lưu lượng QoS, hoạt động im lặng không quạt và hiệu suất Gigabit Ethernet tiết kiệm năng lượng.</p>', '2024-05-14 04:40:00', '2024-05-14 04:40:00');

INSERT INTO `slug` (`id`, `post_id`, `post_type`, `lang`, `handle`, `created_at`, `updated_at`) VALUES
(853, 374, 'product', 'vi', 'tp-lmuc-archer-ax55', '2024-05-14 04:40:00', '2024-05-14 04:40:00'),
(854, 374, 'product', 'en', 'tp-lmuc-archer-ax55', '2024-05-14 04:40:00', '2024-05-14 04:40:00'),
(855, 375, 'product', 'vi', 'asus-rt-ax52', '2024-05-14 04:40:00', '2024-05-14 04:40:00'),
(856, 375, 'product', 'en', 'asus-rt-ax52', '2024-05-14 04:40:00', '2024-05-14 04:40:00'),
(857, 376, 'product', 'vi', 'tp-lmuc-archer-c54', '2024-05-14 04:40:00', '2024-05-14 04:40:00'),
(858, 376, 'product', 'en', 'tp-lmuc-archer-c54', '2024-05-14 04:40:00', '2024-05-14 04:40:00'),
(859, 377, 'product', 'vi', 'netgear-nighthawk-rax50', '2024-05-14 04:40:00', '2024-05-14 04:40:00'),
(860, 377, 'product', 'en', 'netgear-nighthawk-rax50', '2024-05-14 04:40:00', '2024-05-14 04:40:00'),
(861, 378, 'product', 'vi', 'mercusys-mw302r', '2024-05-14 04:40:00', '2024-05-14 04:40:00'),
(862, 378, 'product', 'en', 'mercusys-mw302r', '2024-05-14 04:40:00', '2024-05-14 04:40:00'),
(863, 379, 'product', 'vi', 'ugreen-cat6-ethernet-cable', '2024-05-14 04:40:00', '2024-05-14 04:40:00'),
(864, 379, 'product', 'en', 'ugreen-cat6-ethernet-cable', '2024-05-14 04:40:00', '2024-05-14 04:40:00'),
(865, 380, 'product', 'vi', 'vention-cat6-ethernet-cable', '2024-05-14 04:40:00', '2024-05-14 04:40:00'),
(866, 380, 'product', 'en', 'vention-cat6-ethernet-cable', '2024-05-14 04:40:00', '2024-05-14 04:40:00'),
(867, 381, 'product', 'vi', 'amp-cat6-utp-cable', '2024-05-14 04:40:00', '2024-05-14 04:40:00'),
(868, 381, 'product', 'en', 'amp-cat6-utp-cable', '2024-05-14 04:40:00', '2024-05-14 04:40:00'),
(869, 382, 'product', 'vi', 'dintek-cat6-patch-cord', '2024-05-14 04:40:00', '2024-05-14 04:40:00'),
(870, 382, 'product', 'en', 'dintek-cat6-patch-cord', '2024-05-14 04:40:00', '2024-05-14 04:40:00'),
(871, 383, 'product', 'vi', 'belkin-cat6-ethernet-cable', '2024-05-14 04:40:00', '2024-05-14 04:40:00'),
(872, 383, 'product', 'en', 'belkin-cat6-ethernet-cable', '2024-05-14 04:40:00', '2024-05-14 04:40:00'),
(873, 384, 'product', 'vi', 'tp-lmuc-tl-sg108', '2024-05-14 04:40:00', '2024-05-14 04:40:00'),
(874, 384, 'product', 'en', 'tp-lmuc-tl-sg108', '2024-05-14 04:40:00', '2024-05-14 04:40:00'),
(875, 385, 'product', 'vi', 'tp-lmuc-tl-sg1005d', '2024-05-14 04:40:00', '2024-05-14 04:40:00'),
(876, 385, 'product', 'en', 'tp-lmuc-tl-sg1005d', '2024-05-14 04:40:00', '2024-05-14 04:40:00'),
(877, 386, 'product', 'vi', 'netgear-prosafe-gs105', '2024-05-14 04:40:00', '2024-05-14 04:40:00'),
(878, 386, 'product', 'en', 'netgear-prosafe-gs105', '2024-05-14 04:40:00', '2024-05-14 04:40:00'),
(879, 387, 'product', 'vi', 'cisco-cbs110-8t-d', '2024-05-14 04:40:00', '2024-05-14 04:40:00'),
(880, 387, 'product', 'en', 'cisco-cbs110-8t-d', '2024-05-14 04:40:00', '2024-05-14 04:40:00'),
(881, 388, 'product', 'vi', 'd-lmuc-dgs-108', '2024-05-14 04:40:00', '2024-05-14 04:40:00'),
(882, 388, 'product', 'en', 'd-lmuc-dgs-108', '2024-05-14 04:40:00', '2024-05-14 04:40:00');

INSERT INTO `collection_product` (`id`, `collection_id`, `product_id`, `priority`, `created_at`, `updated_at`) VALUES
(503, 14, 374, 0, '2024-05-14 04:40:00', '2024-05-14 04:40:00'),
(504, 14, 375, 0, '2024-05-14 04:40:00', '2024-05-14 04:40:00'),
(505, 14, 376, 0, '2024-05-14 04:40:00', '2024-05-14 04:40:00'),
(506, 14, 377, 0, '2024-05-14 04:40:00', '2024-05-14 04:40:00'),
(507, 14, 378, 0, '2024-05-14 04:40:00', '2024-05-14 04:40:00'),
(508, 14, 379, 0, '2024-05-14 04:40:00', '2024-05-14 04:40:00'),
(509, 14, 380, 0, '2024-05-14 04:40:00', '2024-05-14 04:40:00'),
(510, 14, 381, 0, '2024-05-14 04:40:00', '2024-05-14 04:40:00'),
(511, 14, 382, 0, '2024-05-14 04:40:00', '2024-05-14 04:40:00'),
(512, 14, 383, 0, '2024-05-14 04:40:00', '2024-05-14 04:40:00'),
(513, 14, 384, 0, '2024-05-14 04:40:00', '2024-05-14 04:40:00'),
(514, 14, 385, 0, '2024-05-14 04:40:00', '2024-05-14 04:40:00'),
(515, 14, 386, 0, '2024-05-14 04:40:00', '2024-05-14 04:40:00'),
(516, 14, 387, 0, '2024-05-14 04:40:00', '2024-05-14 04:40:00'),
(517, 14, 388, 0, '2024-05-14 04:40:00', '2024-05-14 04:40:00');

SET FOREIGN_KEY_CHECKS = 1;