SET FOREIGN_KEY_CHECKS = 0;

INSERT INTO `product` (`id`, `title`, `image`, `description`, `content`, `sell`, `view`, `rating`, `status`, `priority`, `tags`, `template`, `stock_manage`, `stop_selling`, `stock_quant`, `option_1`, `option_2`, `option_3`, `option_4`, `option_5`, `option_6`, `created_at`, `updated_at`, `raw_title`, `raw_full`) VALUES
(466, 'Apple iMac 24-inch M3', 'Apple iMac 24-inch M3.jpg', '', '', 0, 0, 0.00, 'active', 1000, 'pc', '', 0, 'publish', 1, '', '', '', '', '', '', '2024-05-14 05:29:00', '2024-05-14 05:29:00', 'apple imac 24-inch m3', 'apple imac 24-inch m3 apple imac 24-inch m3 là hệ thống máy tính để bàn apple mạnh mẽ, được tối ưu hóa cho công việc và giải trí chuyên nghiệp. trang bị linh kiện tiên tiến, khả năng nâng cấp linh hoạt và độ bền cao.'),
(467, 'Dell OptiPlex 7010 Tower', 'Dell OptiPlex 7010 Tower.jpg', '', '', 0, 0, 0.00, 'active', 1000, 'pc', '', 0, 'publish', 1, '', '', '', '', '', '', '2024-05-14 05:29:00', '2024-05-14 05:29:00', 'dell optiplex 7010 tower', 'dell optiplex 7010 tower dell optiplex 7010 tower là hệ thống máy tính để bàn dell mạnh mẽ, được tối ưu hóa cho công việc và giải trí chuyên nghiệp. trang bị linh kiện tiên tiến, khả năng nâng cấp linh hoạt và độ bền cao.'),
(468, 'HP ProDesk 400 G9', 'HP ProDesk 400 G9.jpg', '', '', 0, 0, 0.00, 'active', 1000, 'pc', '', 0, 'publish', 1, '', '', '', '', '', '', '2024-05-14 05:29:00', '2024-05-14 05:29:00', 'hp prodesk 400 g9', 'hp prodesk 400 g9 hp prodesk 400 g9 là hệ thống máy tính để bàn hp mạnh mẽ, được tối ưu hóa cho công việc và giải trí chuyên nghiệp. trang bị linh kiện tiên tiến, khả năng nâng cấp linh hoạt và độ bền cao.'),
(469, 'Lenovo ThmucCentre M70t Gen 4', 'Lenovo ThmucCentre M70t Gen 4.jpg', '', '', 0, 0, 0.00, 'active', 1000, 'pc', '', 0, 'publish', 1, '', '', '', '', '', '', '2024-05-14 05:29:00', '2024-05-14 05:29:00', 'lenovo thmuccentre m70t gen 4', 'lenovo thmuccentre m70t gen 4 lenovo thmuccentre m70t gen 4 là hệ thống máy tính để bàn lenovo mạnh mẽ, được tối ưu hóa cho công việc và giải trí chuyên nghiệp. trang bị linh kiện tiên tiến, khả năng nâng cấp linh hoạt và độ bền cao.'),
(470, 'ASUS ROG G22CH', 'ASUS ROG G22CH.jpg', '', '', 0, 0, 0.00, 'active', 1000, 'pc', '', 0, 'publish', 1, '', '', '', '', '', '', '2024-05-14 05:29:00', '2024-05-14 05:29:00', 'asus rog g22ch', 'asus rog g22ch asus rog g22ch là hệ thống máy tính để bàn asus mạnh mẽ, được tối ưu hóa cho công việc và giải trí chuyên nghiệp. trang bị linh kiện tiên tiến, khả năng nâng cấp linh hoạt và độ bền cao.'),
(471, 'MSI MAG Infinite S3', 'MSI MAG Infinite S3.jpg', '', '', 0, 0, 0.00, 'active', 1000, 'pc', '', 0, 'publish', 1, '', '', '', '', '', '', '2024-05-14 05:29:00', '2024-05-14 05:29:00', 'msi mag infinite s3', 'msi mag infinite s3 msi mag infinite s3 là hệ thống máy tính để bàn msi mạnh mẽ, được tối ưu hóa cho công việc và giải trí chuyên nghiệp. trang bị linh kiện tiên tiến, khả năng nâng cấp linh hoạt và độ bền cao.'),
(472, 'Acer Predator Orion 3000', 'Acer Predator Orion 3000.jpg', '', '', 0, 0, 0.00, 'active', 1000, 'pc', '', 0, 'publish', 1, '', '', '', '', '', '', '2024-05-14 05:29:00', '2024-05-14 05:29:00', 'acer predator orion 3000', 'acer predator orion 3000 acer predator orion 3000 là hệ thống máy tính để bàn acer mạnh mẽ, được tối ưu hóa cho công việc và giải trí chuyên nghiệp. trang bị linh kiện tiên tiến, khả năng nâng cấp linh hoạt và độ bền cao.'),
(473, 'Lenovo Legion Tower 5', 'Lenovo Legion Tower 5.jpg', '', '', 0, 0, 0.00, 'active', 1000, 'pc', '', 0, 'publish', 1, '', '', '', '', '', '', '2024-05-14 05:29:00', '2024-05-14 05:29:00', 'lenovo legion tower 5', 'lenovo legion tower 5 lenovo legion tower 5 là hệ thống máy tính để bàn lenovo mạnh mẽ, được tối ưu hóa cho công việc và giải trí chuyên nghiệp. trang bị linh kiện tiên tiến, khả năng nâng cấp linh hoạt và độ bền cao.'),
(474, 'HP OMEN 40L', 'HP OMEN 40L.jpg', '', '', 0, 0, 0.00, 'active', 1000, 'pc', '', 0, 'publish', 1, '', '', '', '', '', '', '2024-05-14 05:29:00', '2024-05-14 05:29:00', 'hp omen 40l', 'hp omen 40l hp omen 40l là hệ thống máy tính để bàn hp mạnh mẽ, được tối ưu hóa cho công việc và giải trí chuyên nghiệp. trang bị linh kiện tiên tiến, khả năng nâng cấp linh hoạt và độ bền cao.'),
(475, 'Dell Alienware Aurora R16', 'Dell Alienware Aurora R16.jpg', '', '', 0, 0, 0.00, 'active', 1000, 'pc', '', 0, 'publish', 1, '', '', '', '', '', '', '2024-05-14 05:29:00', '2024-05-14 05:29:00', 'dell alienware aurora r16', 'dell alienware aurora r16 dell alienware aurora r16 là hệ thống máy tính để bàn dell mạnh mẽ, được tối ưu hóa cho công việc và giải trí chuyên nghiệp. trang bị linh kiện tiên tiến, khả năng nâng cấp linh hoạt và độ bền cao.'),
(476, 'ASUS ExpertCenter D7 Tower', 'ASUS ExpertCenter D7 Tower.jpg', '', '', 0, 0, 0.00, 'active', 1000, 'pc', '', 0, 'publish', 1, '', '', '', '', '', '', '2024-05-14 05:29:00', '2024-05-14 05:29:00', 'asus expertcenter d7 tower', 'asus expertcenter d7 tower asus expertcenter d7 tower là hệ thống máy tính để bàn asus mạnh mẽ, được tối ưu hóa cho công việc và giải trí chuyên nghiệp. trang bị linh kiện tiên tiến, khả năng nâng cấp linh hoạt và độ bền cao.'),
(477, 'Apple Mac Mini M3', 'Apple Mac Mini M3.jpg', '', '', 0, 0, 0.00, 'active', 1000, 'pc', '', 0, 'publish', 1, '', '', '', '', '', '', '2024-05-14 05:29:00', '2024-05-14 05:29:00', 'apple mac mini m3', 'apple mac mini m3 apple mac mini m3 là hệ thống máy tính để bàn apple mạnh mẽ, được tối ưu hóa cho công việc và giải trí chuyên nghiệp. trang bị linh kiện tiên tiến, khả năng nâng cấp linh hoạt và độ bền cao.'),
(478, 'Apple Mac Studio M3 Max', 'Apple Mac Studio M3 Max.jpg', '', '', 0, 0, 0.00, 'active', 1000, 'pc', '', 0, 'publish', 1, '', '', '', '', '', '', '2024-05-14 05:29:00', '2024-05-14 05:29:00', 'apple mac studio m3 max', 'apple mac studio m3 max apple mac studio m3 max là hệ thống máy tính để bàn apple mạnh mẽ, được tối ưu hóa cho công việc và giải trí chuyên nghiệp. trang bị linh kiện tiên tiến, khả năng nâng cấp linh hoạt và độ bền cao.'),
(479, 'Corsair Vengeance i7400', 'Corsair Vengeance i7400.jpg', '', '', 0, 0, 0.00, 'active', 1000, 'pc', '', 0, 'publish', 1, '', '', '', '', '', '', '2024-05-14 05:29:00', '2024-05-14 05:29:00', 'corsair vengeance i7400', 'corsair vengeance i7400 corsair vengeance i7400 là hệ thống máy tính để bàn corsair mạnh mẽ, được tối ưu hóa cho công việc và giải trí chuyên nghiệp. trang bị linh kiện tiên tiến, khả năng nâng cấp linh hoạt và độ bền cao.'),
(480, 'CyberPowerPC Gamer Xtreme', 'CyberPowerPC Gamer Xtreme.jpg', '', '', 0, 0, 0.00, 'active', 1000, 'pc', '', 0, 'publish', 1, '', '', '', '', '', '', '2024-05-14 05:29:00', '2024-05-14 05:29:00', 'cyberpowerpc gamer xtreme', 'cyberpowerpc gamer xtreme cyberpowerpc gamer xtreme là hệ thống máy tính để bàn cyberpowerpc mạnh mẽ, được tối ưu hóa cho công việc và giải trí chuyên nghiệp. trang bị linh kiện tiên tiến, khả năng nâng cấp linh hoạt và độ bền cao.'),
(481, 'Gigabyte AORUS Model X', 'Gigabyte AORUS Model X.jpg', '', '', 0, 0, 0.00, 'active', 1000, 'pc', '', 0, 'publish', 1, '', '', '', '', '', '', '2024-05-14 05:29:00', '2024-05-14 05:29:00', 'gigabyte aorus model x', 'gigabyte aorus model x gigabyte aorus model x là hệ thống máy tính để bàn gigabyte mạnh mẽ, được tối ưu hóa cho công việc và giải trí chuyên nghiệp. trang bị linh kiện tiên tiến, khả năng nâng cấp linh hoạt và độ bền cao.'),
(482, 'Intel NUC 13 Pro', 'Intel NUC 13 Pro.jpg', '', '', 0, 0, 0.00, 'active', 1000, 'pc', '', 0, 'publish', 1, '', '', '', '', '', '', '2024-05-14 05:29:00', '2024-05-14 05:29:00', 'intel nuc 13 pro', 'intel nuc 13 pro intel nuc 13 pro là hệ thống máy tính để bàn intel mạnh mẽ, được tối ưu hóa cho công việc và giải trí chuyên nghiệp. trang bị linh kiện tiên tiến, khả năng nâng cấp linh hoạt và độ bền cao.'),
(483, 'Fujitsu ESPRIMO D7012', 'Fujitsu ESPRIMO D7012.jpg', '', '', 0, 0, 0.00, 'active', 1000, 'pc', '', 0, 'publish', 1, '', '', '', '', '', '', '2024-05-14 05:29:00', '2024-05-14 05:29:00', 'fujitsu esprimo d7012', 'fujitsu esprimo d7012 fujitsu esprimo d7012 là hệ thống máy tính để bàn fujitsu mạnh mẽ, được tối ưu hóa cho công việc và giải trí chuyên nghiệp. trang bị linh kiện tiên tiến, khả năng nâng cấp linh hoạt và độ bền cao.'),
(484, 'Huawei MateStation S', 'Huawei MateStation S.jpg', '', '', 0, 0, 0.00, 'active', 1000, 'pc', '', 0, 'publish', 1, '', '', '', '', '', '', '2024-05-14 05:29:00', '2024-05-14 05:29:00', 'huawei matestation s', 'huawei matestation s huawei matestation s là hệ thống máy tính để bàn huawei mạnh mẽ, được tối ưu hóa cho công việc và giải trí chuyên nghiệp. trang bị linh kiện tiên tiến, khả năng nâng cấp linh hoạt và độ bền cao.'),
(485, 'Samsung All-in-One Pro', 'Samsung All-in-One Pro.jpg', '', '', 0, 0, 0.00, 'active', 1000, 'pc', '', 0, 'publish', 1, '', '', '', '', '', '', '2024-05-14 05:29:00', '2024-05-14 05:29:00', 'samsung all-in-one pro', 'samsung all-in-one pro samsung all-in-one pro là hệ thống máy tính để bàn samsung mạnh mẽ, được tối ưu hóa cho công việc và giải trí chuyên nghiệp. trang bị linh kiện tiên tiến, khả năng nâng cấp linh hoạt và độ bền cao.');

INSERT INTO `variant` (`id`, `title`, `product_id`, `option_1`, `option_2`, `option_3`, `option_4`, `option_5`, `option_6`, `barcode`, `sku_code`, `weight`, `price`, `sale_id`, `price_compare`, `stock_quant`, `status`, `note`, `created_at`, `updated_at`) VALUES
(459, 'Default', 466, '', '', '', '', '', '', '', '', 0, 0, NULL, 0, 1, 'active', '', '2024-05-14 05:29:00', '2024-05-14 05:29:00'),
(460, 'Default', 467, '', '', '', '', '', '', '', '', 0, 0, NULL, 0, 1, 'active', '', '2024-05-14 05:29:00', '2024-05-14 05:29:00'),
(461, 'Default', 468, '', '', '', '', '', '', '', '', 0, 0, NULL, 0, 1, 'active', '', '2024-05-14 05:29:00', '2024-05-14 05:29:00'),
(462, 'Default', 469, '', '', '', '', '', '', '', '', 0, 0, NULL, 0, 1, 'active', '', '2024-05-14 05:29:00', '2024-05-14 05:29:00'),
(463, 'Default', 470, '', '', '', '', '', '', '', '', 0, 0, NULL, 0, 1, 'active', '', '2024-05-14 05:29:00', '2024-05-14 05:29:00'),
(464, 'Default', 471, '', '', '', '', '', '', '', '', 0, 0, NULL, 0, 1, 'active', '', '2024-05-14 05:29:00', '2024-05-14 05:29:00'),
(465, 'Default', 472, '', '', '', '', '', '', '', '', 0, 0, NULL, 0, 1, 'active', '', '2024-05-14 05:29:00', '2024-05-14 05:29:00'),
(466, 'Default', 473, '', '', '', '', '', '', '', '', 0, 0, NULL, 0, 1, 'active', '', '2024-05-14 05:29:00', '2024-05-14 05:29:00'),
(467, 'Default', 474, '', '', '', '', '', '', '', '', 0, 0, NULL, 0, 1, 'active', '', '2024-05-14 05:29:00', '2024-05-14 05:29:00'),
(468, 'Default', 475, '', '', '', '', '', '', '', '', 0, 0, NULL, 0, 1, 'active', '', '2024-05-14 05:29:00', '2024-05-14 05:29:00'),
(469, 'Default', 476, '', '', '', '', '', '', '', '', 0, 0, NULL, 0, 1, 'active', '', '2024-05-14 05:29:00', '2024-05-14 05:29:00'),
(470, 'Default', 477, '', '', '', '', '', '', '', '', 0, 0, NULL, 0, 1, 'active', '', '2024-05-14 05:29:00', '2024-05-14 05:29:00'),
(471, 'Default', 478, '', '', '', '', '', '', '', '', 0, 0, NULL, 0, 1, 'active', '', '2024-05-14 05:29:00', '2024-05-14 05:29:00'),
(472, 'Default', 479, '', '', '', '', '', '', '', '', 0, 0, NULL, 0, 1, 'active', '', '2024-05-14 05:29:00', '2024-05-14 05:29:00'),
(473, 'Default', 480, '', '', '', '', '', '', '', '', 0, 0, NULL, 0, 1, 'active', '', '2024-05-14 05:29:00', '2024-05-14 05:29:00'),
(474, 'Default', 481, '', '', '', '', '', '', '', '', 0, 0, NULL, 0, 1, 'active', '', '2024-05-14 05:29:00', '2024-05-14 05:29:00'),
(475, 'Default', 482, '', '', '', '', '', '', '', '', 0, 0, NULL, 0, 1, 'active', '', '2024-05-14 05:29:00', '2024-05-14 05:29:00'),
(476, 'Default', 483, '', '', '', '', '', '', '', '', 0, 0, NULL, 0, 1, 'active', '', '2024-05-14 05:29:00', '2024-05-14 05:29:00'),
(477, 'Default', 484, '', '', '', '', '', '', '', '', 0, 0, NULL, 0, 1, 'active', '', '2024-05-14 05:29:00', '2024-05-14 05:29:00'),
(478, 'Default', 485, '', '', '', '', '', '', '', '', 0, 0, NULL, 0, 1, 'active', '', '2024-05-14 05:29:00', '2024-05-14 05:29:00');

INSERT INTO `product_translations` (`id`, `product_id`, `lang`, `title`, `description`, `content`, `created_at`, `updated_at`) VALUES
(466, 466, 'vi', 'Apple iMac 24-inch M3', '', '<p>Apple iMac 24-inch M3 là hệ thống máy tính để bàn Apple mạnh mẽ, được tối ưu hóa cho công việc và giải trí chuyên nghiệp. Trang bị linh kiện tiên tiến, khả năng nâng cấp linh hoạt và độ bền cao.</p>', '2024-05-14 05:29:00', '2024-05-14 05:29:00'),
(467, 467, 'vi', 'Dell OptiPlex 7010 Tower', '', '<p>Dell OptiPlex 7010 Tower là hệ thống máy tính để bàn Dell mạnh mẽ, được tối ưu hóa cho công việc và giải trí chuyên nghiệp. Trang bị linh kiện tiên tiến, khả năng nâng cấp linh hoạt và độ bền cao.</p>', '2024-05-14 05:29:00', '2024-05-14 05:29:00'),
(468, 468, 'vi', 'HP ProDesk 400 G9', '', '<p>HP ProDesk 400 G9 là hệ thống máy tính để bàn HP mạnh mẽ, được tối ưu hóa cho công việc và giải trí chuyên nghiệp. Trang bị linh kiện tiên tiến, khả năng nâng cấp linh hoạt và độ bền cao.</p>', '2024-05-14 05:29:00', '2024-05-14 05:29:00'),
(469, 469, 'vi', 'Lenovo ThmucCentre M70t Gen 4', '', '<p>Lenovo ThmucCentre M70t Gen 4 là hệ thống máy tính để bàn Lenovo mạnh mẽ, được tối ưu hóa cho công việc và giải trí chuyên nghiệp. Trang bị linh kiện tiên tiến, khả năng nâng cấp linh hoạt và độ bền cao.</p>', '2024-05-14 05:29:00', '2024-05-14 05:29:00'),
(470, 470, 'vi', 'ASUS ROG G22CH', '', '<p>ASUS ROG G22CH là hệ thống máy tính để bàn ASUS mạnh mẽ, được tối ưu hóa cho công việc và giải trí chuyên nghiệp. Trang bị linh kiện tiên tiến, khả năng nâng cấp linh hoạt và độ bền cao.</p>', '2024-05-14 05:29:00', '2024-05-14 05:29:00'),
(471, 471, 'vi', 'MSI MAG Infinite S3', '', '<p>MSI MAG Infinite S3 là hệ thống máy tính để bàn MSI mạnh mẽ, được tối ưu hóa cho công việc và giải trí chuyên nghiệp. Trang bị linh kiện tiên tiến, khả năng nâng cấp linh hoạt và độ bền cao.</p>', '2024-05-14 05:29:00', '2024-05-14 05:29:00'),
(472, 472, 'vi', 'Acer Predator Orion 3000', '', '<p>Acer Predator Orion 3000 là hệ thống máy tính để bàn Acer mạnh mẽ, được tối ưu hóa cho công việc và giải trí chuyên nghiệp. Trang bị linh kiện tiên tiến, khả năng nâng cấp linh hoạt và độ bền cao.</p>', '2024-05-14 05:29:00', '2024-05-14 05:29:00'),
(473, 473, 'vi', 'Lenovo Legion Tower 5', '', '<p>Lenovo Legion Tower 5 là hệ thống máy tính để bàn Lenovo mạnh mẽ, được tối ưu hóa cho công việc và giải trí chuyên nghiệp. Trang bị linh kiện tiên tiến, khả năng nâng cấp linh hoạt và độ bền cao.</p>', '2024-05-14 05:29:00', '2024-05-14 05:29:00'),
(474, 474, 'vi', 'HP OMEN 40L', '', '<p>HP OMEN 40L là hệ thống máy tính để bàn HP mạnh mẽ, được tối ưu hóa cho công việc và giải trí chuyên nghiệp. Trang bị linh kiện tiên tiến, khả năng nâng cấp linh hoạt và độ bền cao.</p>', '2024-05-14 05:29:00', '2024-05-14 05:29:00'),
(475, 475, 'vi', 'Dell Alienware Aurora R16', '', '<p>Dell Alienware Aurora R16 là hệ thống máy tính để bàn Dell mạnh mẽ, được tối ưu hóa cho công việc và giải trí chuyên nghiệp. Trang bị linh kiện tiên tiến, khả năng nâng cấp linh hoạt và độ bền cao.</p>', '2024-05-14 05:29:00', '2024-05-14 05:29:00'),
(476, 476, 'vi', 'ASUS ExpertCenter D7 Tower', '', '<p>ASUS ExpertCenter D7 Tower là hệ thống máy tính để bàn ASUS mạnh mẽ, được tối ưu hóa cho công việc và giải trí chuyên nghiệp. Trang bị linh kiện tiên tiến, khả năng nâng cấp linh hoạt và độ bền cao.</p>', '2024-05-14 05:29:00', '2024-05-14 05:29:00'),
(477, 477, 'vi', 'Apple Mac Mini M3', '', '<p>Apple Mac Mini M3 là hệ thống máy tính để bàn Apple mạnh mẽ, được tối ưu hóa cho công việc và giải trí chuyên nghiệp. Trang bị linh kiện tiên tiến, khả năng nâng cấp linh hoạt và độ bền cao.</p>', '2024-05-14 05:29:00', '2024-05-14 05:29:00'),
(478, 478, 'vi', 'Apple Mac Studio M3 Max', '', '<p>Apple Mac Studio M3 Max là hệ thống máy tính để bàn Apple mạnh mẽ, được tối ưu hóa cho công việc và giải trí chuyên nghiệp. Trang bị linh kiện tiên tiến, khả năng nâng cấp linh hoạt và độ bền cao.</p>', '2024-05-14 05:29:00', '2024-05-14 05:29:00'),
(479, 479, 'vi', 'Corsair Vengeance i7400', '', '<p>Corsair Vengeance i7400 là hệ thống máy tính để bàn Corsair mạnh mẽ, được tối ưu hóa cho công việc và giải trí chuyên nghiệp. Trang bị linh kiện tiên tiến, khả năng nâng cấp linh hoạt và độ bền cao.</p>', '2024-05-14 05:29:00', '2024-05-14 05:29:00'),
(480, 480, 'vi', 'CyberPowerPC Gamer Xtreme', '', '<p>CyberPowerPC Gamer Xtreme là hệ thống máy tính để bàn CyberPowerPC mạnh mẽ, được tối ưu hóa cho công việc và giải trí chuyên nghiệp. Trang bị linh kiện tiên tiến, khả năng nâng cấp linh hoạt và độ bền cao.</p>', '2024-05-14 05:29:00', '2024-05-14 05:29:00'),
(481, 481, 'vi', 'Gigabyte AORUS Model X', '', '<p>Gigabyte AORUS Model X là hệ thống máy tính để bàn Gigabyte mạnh mẽ, được tối ưu hóa cho công việc và giải trí chuyên nghiệp. Trang bị linh kiện tiên tiến, khả năng nâng cấp linh hoạt và độ bền cao.</p>', '2024-05-14 05:29:00', '2024-05-14 05:29:00'),
(482, 482, 'vi', 'Intel NUC 13 Pro', '', '<p>Intel NUC 13 Pro là hệ thống máy tính để bàn Intel mạnh mẽ, được tối ưu hóa cho công việc và giải trí chuyên nghiệp. Trang bị linh kiện tiên tiến, khả năng nâng cấp linh hoạt và độ bền cao.</p>', '2024-05-14 05:29:00', '2024-05-14 05:29:00'),
(483, 483, 'vi', 'Fujitsu ESPRIMO D7012', '', '<p>Fujitsu ESPRIMO D7012 là hệ thống máy tính để bàn Fujitsu mạnh mẽ, được tối ưu hóa cho công việc và giải trí chuyên nghiệp. Trang bị linh kiện tiên tiến, khả năng nâng cấp linh hoạt và độ bền cao.</p>', '2024-05-14 05:29:00', '2024-05-14 05:29:00'),
(484, 484, 'vi', 'Huawei MateStation S', '', '<p>Huawei MateStation S là hệ thống máy tính để bàn Huawei mạnh mẽ, được tối ưu hóa cho công việc và giải trí chuyên nghiệp. Trang bị linh kiện tiên tiến, khả năng nâng cấp linh hoạt và độ bền cao.</p>', '2024-05-14 05:29:00', '2024-05-14 05:29:00'),
(485, 485, 'vi', 'Samsung All-in-One Pro', '', '<p>Samsung All-in-One Pro là hệ thống máy tính để bàn Samsung mạnh mẽ, được tối ưu hóa cho công việc và giải trí chuyên nghiệp. Trang bị linh kiện tiên tiến, khả năng nâng cấp linh hoạt và độ bền cao.</p>', '2024-05-14 05:29:00', '2024-05-14 05:29:00');

INSERT INTO `slug` (`id`, `post_id`, `post_type`, `lang`, `handle`, `created_at`, `updated_at`) VALUES
(1037, 466, 'product', 'vi', 'apple-imac-24-inch-m3', '2024-05-14 05:29:00', '2024-05-14 05:29:00'),
(1038, 466, 'product', 'en', 'apple-imac-24-inch-m3', '2024-05-14 05:29:00', '2024-05-14 05:29:00'),
(1039, 467, 'product', 'vi', 'dell-optiplex-7010-tower', '2024-05-14 05:29:00', '2024-05-14 05:29:00'),
(1040, 467, 'product', 'en', 'dell-optiplex-7010-tower', '2024-05-14 05:29:00', '2024-05-14 05:29:00'),
(1041, 468, 'product', 'vi', 'hp-prodesk-400-g9', '2024-05-14 05:29:00', '2024-05-14 05:29:00'),
(1042, 468, 'product', 'en', 'hp-prodesk-400-g9', '2024-05-14 05:29:00', '2024-05-14 05:29:00'),
(1043, 469, 'product', 'vi', 'lenovo-thmuccentre-m70t-gen-4', '2024-05-14 05:29:00', '2024-05-14 05:29:00'),
(1044, 469, 'product', 'en', 'lenovo-thmuccentre-m70t-gen-4', '2024-05-14 05:29:00', '2024-05-14 05:29:00'),
(1045, 470, 'product', 'vi', 'asus-rog-g22ch', '2024-05-14 05:29:00', '2024-05-14 05:29:00'),
(1046, 470, 'product', 'en', 'asus-rog-g22ch', '2024-05-14 05:29:00', '2024-05-14 05:29:00'),
(1047, 471, 'product', 'vi', 'msi-mag-infinite-s3', '2024-05-14 05:29:00', '2024-05-14 05:29:00'),
(1048, 471, 'product', 'en', 'msi-mag-infinite-s3', '2024-05-14 05:29:00', '2024-05-14 05:29:00'),
(1049, 472, 'product', 'vi', 'acer-predator-orion-3000', '2024-05-14 05:29:00', '2024-05-14 05:29:00'),
(1050, 472, 'product', 'en', 'acer-predator-orion-3000', '2024-05-14 05:29:00', '2024-05-14 05:29:00'),
(1051, 473, 'product', 'vi', 'lenovo-legion-tower-5', '2024-05-14 05:29:00', '2024-05-14 05:29:00'),
(1052, 473, 'product', 'en', 'lenovo-legion-tower-5', '2024-05-14 05:29:00', '2024-05-14 05:29:00'),
(1053, 474, 'product', 'vi', 'hp-omen-40l', '2024-05-14 05:29:00', '2024-05-14 05:29:00'),
(1054, 474, 'product', 'en', 'hp-omen-40l', '2024-05-14 05:29:00', '2024-05-14 05:29:00'),
(1055, 475, 'product', 'vi', 'dell-alienware-aurora-r16', '2024-05-14 05:29:00', '2024-05-14 05:29:00'),
(1056, 475, 'product', 'en', 'dell-alienware-aurora-r16', '2024-05-14 05:29:00', '2024-05-14 05:29:00'),
(1057, 476, 'product', 'vi', 'asus-expertcenter-d7-tower', '2024-05-14 05:29:00', '2024-05-14 05:29:00'),
(1058, 476, 'product', 'en', 'asus-expertcenter-d7-tower', '2024-05-14 05:29:00', '2024-05-14 05:29:00'),
(1059, 477, 'product', 'vi', 'apple-mac-mini-m3', '2024-05-14 05:29:00', '2024-05-14 05:29:00'),
(1060, 477, 'product', 'en', 'apple-mac-mini-m3', '2024-05-14 05:29:00', '2024-05-14 05:29:00'),
(1061, 478, 'product', 'vi', 'apple-mac-studio-m3-max', '2024-05-14 05:29:00', '2024-05-14 05:29:00'),
(1062, 478, 'product', 'en', 'apple-mac-studio-m3-max', '2024-05-14 05:29:00', '2024-05-14 05:29:00'),
(1063, 479, 'product', 'vi', 'corsair-vengeance-i7400', '2024-05-14 05:29:00', '2024-05-14 05:29:00'),
(1064, 479, 'product', 'en', 'corsair-vengeance-i7400', '2024-05-14 05:29:00', '2024-05-14 05:29:00'),
(1065, 480, 'product', 'vi', 'cyberpowerpc-gamer-xtreme', '2024-05-14 05:29:00', '2024-05-14 05:29:00'),
(1066, 480, 'product', 'en', 'cyberpowerpc-gamer-xtreme', '2024-05-14 05:29:00', '2024-05-14 05:29:00'),
(1067, 481, 'product', 'vi', 'gigabyte-aorus-model-x', '2024-05-14 05:29:00', '2024-05-14 05:29:00'),
(1068, 481, 'product', 'en', 'gigabyte-aorus-model-x', '2024-05-14 05:29:00', '2024-05-14 05:29:00'),
(1069, 482, 'product', 'vi', 'intel-nuc-13-pro', '2024-05-14 05:29:00', '2024-05-14 05:29:00'),
(1070, 482, 'product', 'en', 'intel-nuc-13-pro', '2024-05-14 05:29:00', '2024-05-14 05:29:00'),
(1071, 483, 'product', 'vi', 'fujitsu-esprimo-d7012', '2024-05-14 05:29:00', '2024-05-14 05:29:00'),
(1072, 483, 'product', 'en', 'fujitsu-esprimo-d7012', '2024-05-14 05:29:00', '2024-05-14 05:29:00'),
(1073, 484, 'product', 'vi', 'huawei-matestation-s', '2024-05-14 05:29:00', '2024-05-14 05:29:00'),
(1074, 484, 'product', 'en', 'huawei-matestation-s', '2024-05-14 05:29:00', '2024-05-14 05:29:00'),
(1075, 485, 'product', 'vi', 'samsung-all-in-one-pro', '2024-05-14 05:29:00', '2024-05-14 05:29:00'),
(1076, 485, 'product', 'en', 'samsung-all-in-one-pro', '2024-05-14 05:29:00', '2024-05-14 05:29:00');

INSERT INTO `collection_product` (`id`, `collection_id`, `product_id`, `priority`, `created_at`, `updated_at`) VALUES
(595, 13, 466, 0, '2024-05-14 05:29:00', '2024-05-14 05:29:00'),
(596, 13, 467, 0, '2024-05-14 05:29:00', '2024-05-14 05:29:00'),
(597, 13, 468, 0, '2024-05-14 05:29:00', '2024-05-14 05:29:00'),
(598, 13, 469, 0, '2024-05-14 05:29:00', '2024-05-14 05:29:00'),
(599, 13, 470, 0, '2024-05-14 05:29:00', '2024-05-14 05:29:00'),
(600, 13, 471, 0, '2024-05-14 05:29:00', '2024-05-14 05:29:00'),
(601, 13, 472, 0, '2024-05-14 05:29:00', '2024-05-14 05:29:00'),
(602, 13, 473, 0, '2024-05-14 05:29:00', '2024-05-14 05:29:00'),
(603, 13, 474, 0, '2024-05-14 05:29:00', '2024-05-14 05:29:00'),
(604, 13, 475, 0, '2024-05-14 05:29:00', '2024-05-14 05:29:00'),
(605, 13, 476, 0, '2024-05-14 05:29:00', '2024-05-14 05:29:00'),
(606, 13, 477, 0, '2024-05-14 05:29:00', '2024-05-14 05:29:00'),
(607, 13, 478, 0, '2024-05-14 05:29:00', '2024-05-14 05:29:00'),
(608, 13, 479, 0, '2024-05-14 05:29:00', '2024-05-14 05:29:00'),
(609, 13, 480, 0, '2024-05-14 05:29:00', '2024-05-14 05:29:00'),
(610, 13, 481, 0, '2024-05-14 05:29:00', '2024-05-14 05:29:00'),
(611, 13, 482, 0, '2024-05-14 05:29:00', '2024-05-14 05:29:00'),
(612, 13, 483, 0, '2024-05-14 05:29:00', '2024-05-14 05:29:00'),
(613, 13, 484, 0, '2024-05-14 05:29:00', '2024-05-14 05:29:00'),
(614, 13, 485, 0, '2024-05-14 05:29:00', '2024-05-14 05:29:00');

SET FOREIGN_KEY_CHECKS = 1;