SET FOREIGN_KEY_CHECKS = 0;

INSERT INTO `product` (`id`, `title`, `image`, `description`, `content`, `sell`, `view`, `rating`, `status`, `priority`, `tags`, `template`, `stock_manage`, `stop_selling`, `stock_quant`, `option_1`, `option_2`, `option_3`, `option_4`, `option_5`, `option_6`, `created_at`, `updated_at`, `raw_title`, `raw_full`) VALUES
(389, 'HP 67 Black Ink Cartridge', 'HP 67 Black Ink Cartridge.jpg', '', '', 0, 0, 0.00, 'active', 1000, 'muc', '', 0, 'publish', 1, '', '', '', '', '', '', '2024-05-14 05:00:00', '2024-05-14 05:00:00', 'hp 67 black ink cartridge', 'hp 67 black ink cartridge hp 67 black ink cartridge hộp mực hp chính hãng được thiết kế để in ấn hàng ngày đáng tin cậy. có mực đen dựa trên bột màu, chất lượng văn bản sắc nét, khả năng tương thích với máy in hp deskjet và envy, khả năng năng suất tiêu chuẩn, đầu ra chống nhòe và thiết kế lắp đặt dễ dàng.'),
(390, 'HP 67 Tri-Color Ink Cartridge', 'HP 67 Tri-Color Ink Cartridge.jpg', '', '', 0, 0, 0.00, 'active', 1000, 'muc', '', 0, 'publish', 1, '', '', '', '', '', '', '2024-05-14 05:00:00', '2024-05-14 05:00:00', 'hp 67 tri-color ink cartridge', 'hp 67 tri-color ink cartridge hp 67 tri-color ink cartridge hộp mực ba màu chính hãng của hp được thiết kế để in màu rực rỡ. có mực lục lam, đỏ tươi và vàng, đầu ra chất lượng ảnh, khả năng tương thích với dòng máy in hp deskjet và envy và hiệu suất năng suất trang đáng tin cậy.'),
(391, 'HP 680 Black Ink Cartridge', 'HP 680 Black Ink Cartridge.jpg', '', '', 0, 0, 0.00, 'active', 1000, 'muc', '', 0, 'publish', 1, '', '', '', '', '', '', '2024-05-14 05:00:00', '2024-05-14 05:00:00', 'hp 680 black ink cartridge', 'hp 680 black ink cartridge hp 680 black ink cartridge hộp mực hp được sử dụng rộng rãi được thiết kế để in tại nhà và văn phòng. có mực đen chống phai màu, chất lượng in ổn định, khả năng tương thích với máy in hp ink advantage và hiệu suất được tối ưu hóa để in tài liệu.'),
(392, 'HP 680 Color Ink Cartridge', 'HP 680 Color Ink Cartridge.jpg', '', '', 0, 0, 0.00, 'active', 1000, 'muc', '', 0, 'publish', 1, '', '', '', '', '', '', '2024-05-14 05:00:00', '2024-05-14 05:00:00', 'hp 680 color ink cartridge', 'hp 680 color ink cartridge hp 680 color ink cartridge hộp mực màu hp chính hãng được thiết kế để in hình ảnh và tài liệu sống động. có hệ thống mực ba màu tích hợp, dòng mực đáng tin cậy, khả năng tương thích với máy in hp ink advantage và khả năng in ảnh chất lượng cao.'),
(393, 'HP 954 Black Ink Cartridge', 'HP 954 Black Ink Cartridge.jpg', '', '', 0, 0, 0.00, 'active', 1000, 'muc', '', 0, 'publish', 1, '', '', '', '', '', '', '2024-05-14 05:00:00', '2024-05-14 05:00:00', 'hp 954 black ink cartridge', 'hp 954 black ink cartridge hp 954 black ink cartridge hộp mực hp officejet cấp chuyên nghiệp được thiết kế để in ấn cho doanh nghiệp. có mực bột màu đen năng suất cao, tài liệu chống nước, khả năng tương thích với máy in hp officejet pro và đầu ra chất lượng doanh nghiệp.'),
(394, 'HP GT53 Black Ink Bottle', 'HP GT53 Black Ink Bottle.jpg', '', '', 0, 0, 0.00, 'active', 1000, 'muc', '', 0, 'publish', 1, '', '', '', '', '', '', '2024-05-14 05:00:00', '2024-05-14 05:00:00', 'hp gt53 black ink bottle', 'hp gt53 black ink bottle hp gt53 black ink bottle lọ mực hp smart tank có thể nạp lại được thiết kế để in với chi phí cực thấp. có năng suất trang cao, hệ thống nạp lại không tràn, công thức mực đen đậm và khả năng tương thích với máy in hp smart tank.'),
(395, 'HP GT52 Color Ink Bottle', 'HP GT52 Color Ink Bottle.jpg', '', '', 0, 0, 0.00, 'active', 1000, 'muc', '', 0, 'publish', 1, '', '', '', '', '', '', '2024-05-14 05:00:00', '2024-05-14 05:00:00', 'hp gt52 color ink bottle', 'hp gt52 color ink bottle hp gt52 color ink bottle lọ mực màu hp dung lượng cao được thiết kế cho máy in smart tank. có các tùy chọn mực lục lam, đỏ tươi và vàng, khả năng in năng suất cao, tái tạo màu sắc sống động và công nghệ nạp lại dễ dàng.'),
(396, 'Epson 003 Black Ink Bottle', 'Epson 003 Black Ink Bottle.jpg', '', '', 0, 0, 0.00, 'active', 1000, 'muc', '', 0, 'publish', 1, '', '', '', '', '', '', '2024-05-14 05:00:00', '2024-05-14 05:00:00', 'epson 003 black ink bottle', 'epson 003 black ink bottle epson 003 black ink bottle lọ mực epson ecotank phổ biến được thiết kế để in số lượng lớn. có mực đen sắc tố, năng suất trang cực cao, vòi nạp không tràn và khả năng tương thích với máy in epson ecotank.'),
(397, 'Epson 003 Cyan Ink Bottle', 'Epson 003 Cyan Ink Bottle.jpg', '', '', 0, 0, 0.00, 'active', 1000, 'muc', '', 0, 'publish', 1, '', '', '', '', '', '', '2024-05-14 05:00:00', '2024-05-14 05:00:00', 'epson 003 cyan ink bottle', 'epson 003 cyan ink bottle epson 003 cyan ink bottle lọ mực lục lam epson chính hãng được thiết kế cho máy in ecotank. có đầu ra màu sắc sống động, năng suất trang cao, hiệu suất chống phai màu và thiết kế nạp lại chính xác để in chi phí thấp.'),
(398, 'Epson 003 Magenta Ink Bottle', 'Epson 003 Magenta Ink Bottle.jpg', '', '', 0, 0, 0.00, 'active', 1000, 'muc', '', 0, 'publish', 1, '', '', '', '', '', '', '2024-05-14 05:00:00', '2024-05-14 05:00:00', 'epson 003 magenta ink bottle', 'epson 003 magenta ink bottle epson 003 magenta ink bottle lọ mực epson màu đỏ tươi dung lượng cao có hiệu suất màu sắc sống động, khả năng tương thích ecotank, công nghệ nạp lại chống tràn và chất lượng in lâu dài cho ảnh và tài liệu.'),
(399, 'Epson 003 Yellow Ink Bottle', 'Epson 003 Yellow Ink Bottle.jpg', '', '', 0, 0, 0.00, 'active', 1000, 'muc', '', 0, 'publish', 1, '', '', '', '', '', '', '2024-05-14 05:00:00', '2024-05-14 05:00:00', 'epson 003 yellow ink bottle', 'epson 003 yellow ink bottle epson 003 yellow ink bottle lọ mực màu vàng epson ecotank được thiết kế để in hình ảnh và đồ họa sống động. có sản lượng năng suất cao, công thức mực chống phai màu và hoạt động nạp lại đáng tin cậy.'),
(400, 'Epson 664 Black Ink Bottle', 'Epson 664 Black Ink Bottle.jpg', '', '', 0, 0, 0.00, 'active', 1000, 'muc', '', 0, 'publish', 1, '', '', '', '', '', '', '2024-05-14 05:00:00', '2024-05-14 05:00:00', 'epson 664 black ink bottle', 'epson 664 black ink bottle epson 664 black ink bottle lọ mực nạp lại epson được mua rộng rãi được thiết kế cho máy in ecotank. tính năng in chi phí cực thấp, năng suất trang cao, mực đen sắc tố và hiệu suất tối ưu hóa để in tài liệu.'),
(401, 'Epson 664 Cyan Ink Bottle', 'Epson 664 Cyan Ink Bottle.jpg', '', '', 0, 0, 0.00, 'active', 1000, 'muc', '', 0, 'publish', 1, '', '', '', '', '', '', '2024-05-14 05:00:00', '2024-05-14 05:00:00', 'epson 664 cyan ink bottle', 'epson 664 cyan ink bottle epson 664 cyan ink bottle chai nạp lục lam epson chính hãng có năng suất trang cao, đầu ra màu sắc sống động, khả năng tương thích ecotank và hiệu suất in đáng tin cậy cho mục đích kinh doanh và gia đình.'),
(402, 'Epson T673 Photo Black Ink Bottle', 'Epson T673 Photo Black Ink Bottle.jpg', '', '', 0, 0, 0.00, 'active', 1000, 'muc', '', 0, 'publish', 1, '', '', '', '', '', '', '2024-05-14 05:00:00', '2024-05-14 05:00:00', 'epson t673 photo black ink bottle', 'epson t673 photo black ink bottle epson t673 photo black ink bottle mực đen ảnh epson cao cấp được thiết kế cho máy in ảnh và đầu ra hình ảnh chuyên nghiệp. có tông màu đen sâu, chất lượng in độ phân giải cao và khả năng tương thích với máy in ảnh epson l-series.'),
(403, 'OKI C332 Black Toner Cartridge', 'OKI C332 Black Toner Cartridge.jpg', '', '', 0, 0, 0.00, 'active', 1000, 'muc', '', 0, 'publish', 1, '', '', '', '', '', '', '2024-05-14 05:00:00', '2024-05-14 05:00:00', 'oki c332 black toner cartridge', 'oki c332 black toner cartridge oki c332 black toner cartridge hộp mực chính hãng oki được thiết kế để in đơn sắc đáng tin cậy. có công nghệ in laser, đầu ra văn bản sắc nét, khả năng tương thích với máy in dòng oki c332 và hiệu suất mực ổn định.'),
(404, 'OKI C332 Cyan Toner Cartridge', 'OKI C332 Cyan Toner Cartridge.jpg', '', '', 0, 0, 0.00, 'active', 1000, 'muc', '', 0, 'publish', 1, '', '', '', '', '', '', '2024-05-14 05:00:00', '2024-05-14 05:00:00', 'oki c332 cyan toner cartridge', 'oki c332 cyan toner cartridge oki c332 cyan toner cartridge hộp mực màu lục lam chính hãng oki được thiết kế để in laser màu sắc sống động. có đầu ra màu độ phân giải cao, dòng mực đáng tin cậy và khả năng tương thích với máy in laser màu oki.'),
(405, 'OKI C332 Magenta Toner Cartridge', 'OKI C332 Magenta Toner Cartridge.jpg', '', '', 0, 0, 0.00, 'active', 1000, 'muc', '', 0, 'publish', 1, '', '', '', '', '', '', '2024-05-14 05:00:00', '2024-05-14 05:00:00', 'oki c332 magenta toner cartridge', 'oki c332 magenta toner cartridge oki c332 magenta toner cartridge hộp mực màu đỏ tươi oki chất lượng cao được thiết kế để in màu chuyên nghiệp. có chất lượng in nhất quán, đầu ra chính xác bằng laser và hiệu suất năng suất trang ổn định.'),
(406, 'OKI C332 Yellow Toner Cartridge', 'OKI C332 Yellow Toner Cartridge.jpg', '', '', 0, 0, 0.00, 'active', 1000, 'muc', '', 0, 'publish', 1, '', '', '', '', '', '', '2024-05-14 05:00:00', '2024-05-14 05:00:00', 'oki c332 yellow toner cartridge', 'oki c332 yellow toner cartridge oki c332 yellow toner cartridge hộp mực màu vàng chính hãng của oki có khả năng tái tạo màu sắc rực rỡ, phân phối mực mượt mà và khả năng tương thích với máy in dòng oki c332.'),
(407, 'OKI B412 Black Toner Cartridge', 'OKI B412 Black Toner Cartridge.jpg', '', '', 0, 0, 0.00, 'active', 1000, 'muc', '', 0, 'publish', 1, '', '', '', '', '', '', '2024-05-14 05:00:00', '2024-05-14 05:00:00', 'oki b412 black toner cartridge', 'oki b412 black toner cartridge oki b412 black toner cartridge hộp mực đơn sắc đáng tin cậy được thiết kế cho máy in doanh nghiệp oki. có đầu ra tài liệu sắc nét, năng suất trang cao, tính nhất quán in bền và khả năng in văn phòng hiệu quả.'),
(408, 'OKI MC363 Black Toner Cartridge', 'OKI MC363 Black Toner Cartridge.jpg', '', '', 0, 0, 0.00, 'active', 1000, 'muc', '', 0, 'publish', 1, '', '', '', '', '', '', '2024-05-14 05:00:00', '2024-05-14 05:00:00', 'oki mc363 black toner cartridge', 'oki mc363 black toner cartridge oki mc363 black toner cartridge hộp mực oki chuyên nghiệp được thiết kế cho máy in laser đa chức năng. có chất lượng in đen phong phú, hiệu suất mực ổn định và đầu ra in doanh nghiệp đáng tin cậy.'),
(409, 'OKI MC363 Cyan Toner Cartridge', 'OKI MC363 Cyan Toner Cartridge.jpg', '', '', 0, 0, 0.00, 'active', 1000, 'muc', '', 0, 'publish', 1, '', '', '', '', '', '', '2024-05-14 05:00:00', '2024-05-14 05:00:00', 'oki mc363 cyan toner cartridge', 'oki mc363 cyan toner cartridge oki mc363 cyan toner cartridge mực lục lam oki chính hãng được thiết kế cho máy in văn phòng đa chức năng. có chất lượng màu sắc sống động, sử dụng mực hiệu quả và hiệu suất in laser độ phân giải cao.'),
(410, 'Canon GI-790 Black Ink Bottle', 'Canon GI-790 Black Ink Bottle.jpg', '', '', 0, 0, 0.00, 'active', 1000, 'muc', '', 0, 'publish', 1, '', '', '', '', '', '', '2024-05-14 05:00:00', '2024-05-14 05:00:00', 'canon gi-790 black ink bottle', 'canon gi-790 black ink bottle canon gi-790 black ink bottle lọ mực nạp chính hãng của canon được thiết kế cho máy in pixma g-series. có năng suất trang cao, mực đen sắc tố, hệ thống nạp lại chống tràn và hiệu suất in tài liệu chi phí thấp.'),
(411, 'Canon GI-790 Cyan Ink Bottle', 'Canon GI-790 Cyan Ink Bottle.jpg', '', '', 0, 0, 0.00, 'active', 1000, 'muc', '', 0, 'publish', 1, '', '', '', '', '', '', '2024-05-14 05:00:00', '2024-05-14 05:00:00', 'canon gi-790 cyan ink bottle', 'canon gi-790 cyan ink bottle canon gi-790 cyan ink bottle chai nạp lục lam chính hãng của canon có đầu ra màu sắc sống động, dòng mực mượt mà, khả năng tương thích với máy in pixma g-series và chất lượng in ảnh đáng tin cậy.'),
(412, 'Canon GI-790 Magenta Ink Bottle', 'Canon GI-790 Magenta Ink Bottle.jpg', '', '', 0, 0, 0.00, 'active', 1000, 'muc', '', 0, 'publish', 1, '', '', '', '', '', '', '2024-05-14 05:00:00', '2024-05-14 05:00:00', 'canon gi-790 magenta ink bottle', 'canon gi-790 magenta ink bottle canon gi-790 magenta ink bottle lọ mực màu đỏ tươi dung lượng cao của canon được thiết kế để in hình ảnh sống động và đồ họa văn phòng. có hiệu suất nạp lại ổn định và độ chính xác màu tuyệt vời.'),
(413, 'Canon GI-790 Yellow Ink Bottle', 'Canon GI-790 Yellow Ink Bottle.jpg', '', '', 0, 0, 0.00, 'active', 1000, 'muc', '', 0, 'publish', 1, '', '', '', '', '', '', '2024-05-14 05:00:00', '2024-05-14 05:00:00', 'canon gi-790 yellow ink bottle', 'canon gi-790 yellow ink bottle canon gi-790 yellow ink bottle chai nạp lại màu vàng của canon được thiết kế để có đồ họa sống động và in ảnh. có hiệu suất màu chống phai màu và khả năng in năng suất cao.'),
(414, 'Canon PG-745 Black Ink Cartridge', 'Canon PG-745 Black Ink Cartridge.jpg', '', '', 0, 0, 0.00, 'active', 1000, 'muc', '', 0, 'publish', 1, '', '', '', '', '', '', '2024-05-14 05:00:00', '2024-05-14 05:00:00', 'canon pg-745 black ink cartridge', 'canon pg-745 black ink cartridge canon pg-745 black ink cartridge hộp mực đen phổ biến của canon được thiết kế cho máy in pixma. có mực đen sắc tố, in tài liệu sắc nét, phân phối mực đáng tin cậy và lắp đặt hộp mực dễ dàng.'),
(415, 'Canon CL-746 Color Ink Cartridge', 'Canon CL-746 Color Ink Cartridge.jpg', '', '', 0, 0, 0.00, 'active', 1000, 'muc', '', 0, 'publish', 1, '', '', '', '', '', '', '2024-05-14 05:00:00', '2024-05-14 05:00:00', 'canon cl-746 color ink cartridge', 'canon cl-746 color ink cartridge canon cl-746 color ink cartridge hộp mực màu chính hãng của canon được thiết kế để in ảnh và tài liệu sống động. có hệ thống mực ba màu, chất lượng hình ảnh sống động và khả năng tương thích với máy in pixma.'),
(416, 'Canon Cartridge 325 Toner', 'Canon Cartridge 325 Toner.jpg', '', '', 0, 0, 0.00, 'active', 1000, 'muc', '', 0, 'publish', 1, '', '', '', '', '', '', '2024-05-14 05:00:00', '2024-05-14 05:00:00', 'canon cartridge 325 toner', 'canon cartridge 325 toner canon cartridge 325 toner hộp mực laser canon được sử dụng rộng rãi được thiết kế để in văn phòng đơn sắc. có đầu ra văn bản sắc nét, năng suất trang đáng tin cậy và khả năng tương thích với máy in canon imageclass.'),
(417, 'Brother BT-D60 Black Ink Bottle', 'Brother BT-D60 Black Ink Bottle.jpg', '', '', 0, 0, 0.00, 'active', 1000, 'muc', '', 0, 'publish', 1, '', '', '', '', '', '', '2024-05-14 05:00:00', '2024-05-14 05:00:00', 'brother bt-d60 black ink bottle', 'brother bt-d60 black ink bottle brother bt-d60 black ink bottle lọ mực nạp lại brother chính hãng được thiết kế cho máy in inkbenefit tank. có năng suất trang cực cao, mực đen sắc tố và hiệu suất in văn phòng chi phí thấp đáng tin cậy.'),
(418, 'Brother BT5000 Cyan Ink Bottle', 'Brother BT5000 Cyan Ink Bottle.jpg', '', '', 0, 0, 0.00, 'active', 1000, 'muc', '', 0, 'publish', 1, '', '', '', '', '', '', '2024-05-14 05:00:00', '2024-05-14 05:00:00', 'brother bt5000 cyan ink bottle', 'brother bt5000 cyan ink bottle brother bt5000 cyan ink bottle chai nạp lục lam brother chính hãng được thiết kế để in màu sắc sống động và hiệu suất dòng mực mượt mà. tương thích với máy in bình mực brother.'),
(419, 'Brother BT5000 Magenta Ink Bottle', 'Brother BT5000 Magenta Ink Bottle.jpg', '', '', 0, 0, 0.00, 'active', 1000, 'muc', '', 0, 'publish', 1, '', '', '', '', '', '', '2024-05-14 05:00:00', '2024-05-14 05:00:00', 'brother bt5000 magenta ink bottle', 'brother bt5000 magenta ink bottle brother bt5000 magenta ink bottle lọ mực brother màu đỏ tươi dung lượng cao được thiết kế để in đồ họa và hình ảnh sống động. có thiết kế nạp lại đáng tin cậy và chất lượng in nhất quán.'),
(420, 'Brother BT5000 Yellow Ink Bottle', 'Brother BT5000 Yellow Ink Bottle.jpg', '', '', 0, 0, 0.00, 'active', 1000, 'muc', '', 0, 'publish', 1, '', '', '', '', '', '', '2024-05-14 05:00:00', '2024-05-14 05:00:00', 'brother bt5000 yellow ink bottle', 'brother bt5000 yellow ink bottle brother bt5000 yellow ink bottle chai nạp lại màu vàng brother được thiết kế để in tài liệu và hình ảnh đầy màu sắc. có năng suất trang cao và hiệu suất tối ưu cho máy in brother.'),
(421, 'Brother TN-2385 Black Toner Cartridge', 'Brother TN-2385 Black Toner Cartridge.jpg', '', '', 0, 0, 0.00, 'active', 1000, 'muc', '', 0, 'publish', 1, '', '', '', '', '', '', '2024-05-14 05:00:00', '2024-05-14 05:00:00', 'brother tn-2385 black toner cartridge', 'brother tn-2385 black toner cartridge brother tn-2385 black toner cartridge hộp mực đơn sắc brother phổ biến được thiết kế cho máy in văn phòng laser. có văn bản màu đen sắc nét, năng suất trang đáng tin cậy và hiệu suất in văn phòng nhất quán.'),
(422, 'Brother TN-261 Cyan Toner Cartridge', 'Brother TN-261 Cyan Toner Cartridge.jpg', '', '', 0, 0, 0.00, 'active', 1000, 'muc', '', 0, 'publish', 1, '', '', '', '', '', '', '2024-05-14 05:00:00', '2024-05-14 05:00:00', 'brother tn-261 cyan toner cartridge', 'brother tn-261 cyan toner cartridge brother tn-261 cyan toner cartridge hộp mực lục lam brother chính hãng được thiết kế để in laser màu chuyên nghiệp. có chất lượng màu sắc sống động và khả năng tương thích với máy in laser brother.'),
(423, 'Brother TN-261 Magenta Toner Cartridge', 'Brother TN-261 Magenta Toner Cartridge.jpg', '', '', 0, 0, 0.00, 'active', 1000, 'muc', '', 0, 'publish', 1, '', '', '', '', '', '', '2024-05-14 05:00:00', '2024-05-14 05:00:00', 'brother tn-261 magenta toner cartridge', 'brother tn-261 magenta toner cartridge brother tn-261 magenta toner cartridge mực brother màu đỏ tươi chuyên nghiệp có đầu ra màu sắc rực rỡ, dòng mực mượt mà và hiệu suất in laser chất lượng cao.'),
(424, 'Ricoh SP C250 Black Toner Cartridge', 'Ricoh SP C250 Black Toner Cartridge.jpg', '', '', 0, 0, 0.00, 'active', 1000, 'muc', '', 0, 'publish', 1, '', '', '', '', '', '', '2024-05-14 05:00:00', '2024-05-14 05:00:00', 'ricoh sp c250 black toner cartridge', 'ricoh sp c250 black toner cartridge ricoh sp c250 black toner cartridge hộp mực đơn sắc ricoh chính hãng được thiết kế để in laser văn phòng. có đầu ra tài liệu sắc nét, hiệu suất mực đáng tin cậy và khả năng tương thích với máy in dòng ricoh sp.'),
(425, 'Ricoh SP C250 Cyan Toner Cartridge', 'Ricoh SP C250 Cyan Toner Cartridge.jpg', '', '', 0, 0, 0.00, 'active', 1000, 'muc', '', 0, 'publish', 1, '', '', '', '', '', '', '2024-05-14 05:00:00', '2024-05-14 05:00:00', 'ricoh sp c250 cyan toner cartridge', 'ricoh sp c250 cyan toner cartridge ricoh sp c250 cyan toner cartridge hộp mực lục lam ricoh chính hãng được thiết kế để in màu văn phòng sống động. có tính nhất quán mực ổn định và chất lượng hình ảnh chuyên nghiệp.'),
(426, 'Ricoh SP C250 Magenta Toner Cartridge', 'Ricoh SP C250 Magenta Toner Cartridge.jpg', '', '', 0, 0, 0.00, 'active', 1000, 'muc', '', 0, 'publish', 1, '', '', '', '', '', '', '2024-05-14 05:00:00', '2024-05-14 05:00:00', 'ricoh sp c250 magenta toner cartridge', 'ricoh sp c250 magenta toner cartridge ricoh sp c250 magenta toner cartridge hộp mực màu đỏ tươi của ricoh có hiệu suất in laser đáng tin cậy, đầu ra đồ họa sống động và phân phối mực mượt mà.'),
(427, 'Ricoh SP C250 Yellow Toner Cartridge', 'Ricoh SP C250 Yellow Toner Cartridge.jpg', '', '', 0, 0, 0.00, 'active', 1000, 'muc', '', 0, 'publish', 1, '', '', '', '', '', '', '2024-05-14 05:00:00', '2024-05-14 05:00:00', 'ricoh sp c250 yellow toner cartridge', 'ricoh sp c250 yellow toner cartridge ricoh sp c250 yellow toner cartridge hộp mực màu vàng ricoh chất lượng cao được thiết kế để in văn phòng chuyên nghiệp và đồ họa tài liệu sống động.'),
(428, 'Ricoh MP C3503 Black Toner Cartridge', 'Ricoh MP C3503 Black Toner Cartridge.jpg', '', '', 0, 0, 0.00, 'active', 1000, 'muc', '', 0, 'publish', 1, '', '', '', '', '', '', '2024-05-14 05:00:00', '2024-05-14 05:00:00', 'ricoh mp c3503 black toner cartridge', 'ricoh mp c3503 black toner cartridge ricoh mp c3503 black toner cartridge hộp mực ricoh chuyên nghiệp được thiết kế cho máy in văn phòng đa chức năng. có năng suất trang cao, chất lượng văn bản sắc nét và hiệu suất in cấp doanh nghiệp.'),
(429, 'Ricoh MP C3503 Cyan Toner Cartridge', 'Ricoh MP C3503 Cyan Toner Cartridge.jpg', '', '', 0, 0, 0.00, 'active', 1000, 'muc', '', 0, 'publish', 1, '', '', '', '', '', '', '2024-05-14 05:00:00', '2024-05-14 05:00:00', 'ricoh mp c3503 cyan toner cartridge', 'ricoh mp c3503 cyan toner cartridge ricoh mp c3503 cyan toner cartridge mực lục lam chính hãng của ricoh được thiết kế cho đồ họa doanh nghiệp sống động và đầu ra in laser độ phân giải cao.'),
(430, 'Ricoh MP C3503 Magenta Toner Cartridge', 'Ricoh MP C3503 Magenta Toner Cartridge.jpg', '', '', 0, 0, 0.00, 'active', 1000, 'muc', '', 0, 'publish', 1, '', '', '', '', '', '', '2024-05-14 05:00:00', '2024-05-14 05:00:00', 'ricoh mp c3503 magenta toner cartridge', 'ricoh mp c3503 magenta toner cartridge ricoh mp c3503 magenta toner cartridge hộp mực màu đỏ tươi chính hãng của ricoh có chất lượng in ổn định và hiệu suất tài liệu màu chuyên nghiệp.');

INSERT INTO `variant` (`id`, `title`, `product_id`, `option_1`, `option_2`, `option_3`, `option_4`, `option_5`, `option_6`, `barcode`, `sku_code`, `weight`, `price`, `sale_id`, `price_compare`, `stock_quant`, `status`, `note`, `created_at`, `updated_at`) VALUES
(382, 'Default', 389, '', '', '', '', '', '', '', '', 0, 0, NULL, 0, 1, 'active', '', '2024-05-14 05:00:00', '2024-05-14 05:00:00'),
(383, 'Default', 390, '', '', '', '', '', '', '', '', 0, 0, NULL, 0, 1, 'active', '', '2024-05-14 05:00:00', '2024-05-14 05:00:00'),
(384, 'Default', 391, '', '', '', '', '', '', '', '', 0, 0, NULL, 0, 1, 'active', '', '2024-05-14 05:00:00', '2024-05-14 05:00:00'),
(385, 'Default', 392, '', '', '', '', '', '', '', '', 0, 0, NULL, 0, 1, 'active', '', '2024-05-14 05:00:00', '2024-05-14 05:00:00'),
(386, 'Default', 393, '', '', '', '', '', '', '', '', 0, 0, NULL, 0, 1, 'active', '', '2024-05-14 05:00:00', '2024-05-14 05:00:00'),
(387, 'Default', 394, '', '', '', '', '', '', '', '', 0, 0, NULL, 0, 1, 'active', '', '2024-05-14 05:00:00', '2024-05-14 05:00:00'),
(388, 'Default', 395, '', '', '', '', '', '', '', '', 0, 0, NULL, 0, 1, 'active', '', '2024-05-14 05:00:00', '2024-05-14 05:00:00'),
(389, 'Default', 396, '', '', '', '', '', '', '', '', 0, 0, NULL, 0, 1, 'active', '', '2024-05-14 05:00:00', '2024-05-14 05:00:00'),
(390, 'Default', 397, '', '', '', '', '', '', '', '', 0, 0, NULL, 0, 1, 'active', '', '2024-05-14 05:00:00', '2024-05-14 05:00:00'),
(391, 'Default', 398, '', '', '', '', '', '', '', '', 0, 0, NULL, 0, 1, 'active', '', '2024-05-14 05:00:00', '2024-05-14 05:00:00'),
(392, 'Default', 399, '', '', '', '', '', '', '', '', 0, 0, NULL, 0, 1, 'active', '', '2024-05-14 05:00:00', '2024-05-14 05:00:00'),
(393, 'Default', 400, '', '', '', '', '', '', '', '', 0, 0, NULL, 0, 1, 'active', '', '2024-05-14 05:00:00', '2024-05-14 05:00:00'),
(394, 'Default', 401, '', '', '', '', '', '', '', '', 0, 0, NULL, 0, 1, 'active', '', '2024-05-14 05:00:00', '2024-05-14 05:00:00'),
(395, 'Default', 402, '', '', '', '', '', '', '', '', 0, 0, NULL, 0, 1, 'active', '', '2024-05-14 05:00:00', '2024-05-14 05:00:00'),
(396, 'Default', 403, '', '', '', '', '', '', '', '', 0, 0, NULL, 0, 1, 'active', '', '2024-05-14 05:00:00', '2024-05-14 05:00:00'),
(397, 'Default', 404, '', '', '', '', '', '', '', '', 0, 0, NULL, 0, 1, 'active', '', '2024-05-14 05:00:00', '2024-05-14 05:00:00'),
(398, 'Default', 405, '', '', '', '', '', '', '', '', 0, 0, NULL, 0, 1, 'active', '', '2024-05-14 05:00:00', '2024-05-14 05:00:00'),
(399, 'Default', 406, '', '', '', '', '', '', '', '', 0, 0, NULL, 0, 1, 'active', '', '2024-05-14 05:00:00', '2024-05-14 05:00:00'),
(400, 'Default', 407, '', '', '', '', '', '', '', '', 0, 0, NULL, 0, 1, 'active', '', '2024-05-14 05:00:00', '2024-05-14 05:00:00'),
(401, 'Default', 408, '', '', '', '', '', '', '', '', 0, 0, NULL, 0, 1, 'active', '', '2024-05-14 05:00:00', '2024-05-14 05:00:00'),
(402, 'Default', 409, '', '', '', '', '', '', '', '', 0, 0, NULL, 0, 1, 'active', '', '2024-05-14 05:00:00', '2024-05-14 05:00:00'),
(403, 'Default', 410, '', '', '', '', '', '', '', '', 0, 0, NULL, 0, 1, 'active', '', '2024-05-14 05:00:00', '2024-05-14 05:00:00'),
(404, 'Default', 411, '', '', '', '', '', '', '', '', 0, 0, NULL, 0, 1, 'active', '', '2024-05-14 05:00:00', '2024-05-14 05:00:00'),
(405, 'Default', 412, '', '', '', '', '', '', '', '', 0, 0, NULL, 0, 1, 'active', '', '2024-05-14 05:00:00', '2024-05-14 05:00:00'),
(406, 'Default', 413, '', '', '', '', '', '', '', '', 0, 0, NULL, 0, 1, 'active', '', '2024-05-14 05:00:00', '2024-05-14 05:00:00'),
(407, 'Default', 414, '', '', '', '', '', '', '', '', 0, 0, NULL, 0, 1, 'active', '', '2024-05-14 05:00:00', '2024-05-14 05:00:00'),
(408, 'Default', 415, '', '', '', '', '', '', '', '', 0, 0, NULL, 0, 1, 'active', '', '2024-05-14 05:00:00', '2024-05-14 05:00:00'),
(409, 'Default', 416, '', '', '', '', '', '', '', '', 0, 0, NULL, 0, 1, 'active', '', '2024-05-14 05:00:00', '2024-05-14 05:00:00'),
(410, 'Default', 417, '', '', '', '', '', '', '', '', 0, 0, NULL, 0, 1, 'active', '', '2024-05-14 05:00:00', '2024-05-14 05:00:00'),
(411, 'Default', 418, '', '', '', '', '', '', '', '', 0, 0, NULL, 0, 1, 'active', '', '2024-05-14 05:00:00', '2024-05-14 05:00:00'),
(412, 'Default', 419, '', '', '', '', '', '', '', '', 0, 0, NULL, 0, 1, 'active', '', '2024-05-14 05:00:00', '2024-05-14 05:00:00'),
(413, 'Default', 420, '', '', '', '', '', '', '', '', 0, 0, NULL, 0, 1, 'active', '', '2024-05-14 05:00:00', '2024-05-14 05:00:00'),
(414, 'Default', 421, '', '', '', '', '', '', '', '', 0, 0, NULL, 0, 1, 'active', '', '2024-05-14 05:00:00', '2024-05-14 05:00:00'),
(415, 'Default', 422, '', '', '', '', '', '', '', '', 0, 0, NULL, 0, 1, 'active', '', '2024-05-14 05:00:00', '2024-05-14 05:00:00'),
(416, 'Default', 423, '', '', '', '', '', '', '', '', 0, 0, NULL, 0, 1, 'active', '', '2024-05-14 05:00:00', '2024-05-14 05:00:00'),
(417, 'Default', 424, '', '', '', '', '', '', '', '', 0, 0, NULL, 0, 1, 'active', '', '2024-05-14 05:00:00', '2024-05-14 05:00:00'),
(418, 'Default', 425, '', '', '', '', '', '', '', '', 0, 0, NULL, 0, 1, 'active', '', '2024-05-14 05:00:00', '2024-05-14 05:00:00'),
(419, 'Default', 426, '', '', '', '', '', '', '', '', 0, 0, NULL, 0, 1, 'active', '', '2024-05-14 05:00:00', '2024-05-14 05:00:00'),
(420, 'Default', 427, '', '', '', '', '', '', '', '', 0, 0, NULL, 0, 1, 'active', '', '2024-05-14 05:00:00', '2024-05-14 05:00:00'),
(421, 'Default', 428, '', '', '', '', '', '', '', '', 0, 0, NULL, 0, 1, 'active', '', '2024-05-14 05:00:00', '2024-05-14 05:00:00'),
(422, 'Default', 429, '', '', '', '', '', '', '', '', 0, 0, NULL, 0, 1, 'active', '', '2024-05-14 05:00:00', '2024-05-14 05:00:00'),
(423, 'Default', 430, '', '', '', '', '', '', '', '', 0, 0, NULL, 0, 1, 'active', '', '2024-05-14 05:00:00', '2024-05-14 05:00:00');

INSERT INTO `product_translations` (`id`, `product_id`, `lang`, `title`, `description`, `content`, `created_at`, `updated_at`) VALUES
(389, 389, 'vi', 'HP 67 Black Ink Cartridge', '', '<p>hp 67 black ink cartridge Hộp mực HP chính hãng được thiết kế để in ấn hàng ngày đáng tin cậy. Có mực đen dựa trên bột màu, chất lượng văn bản sắc nét, khả năng tương thích với máy in HP DeskJet và ENVY, khả năng năng suất tiêu chuẩn, đầu ra chống nhòe và thiết kế lắp đặt dễ dàng.</p>', '2024-05-14 05:00:00', '2024-05-14 05:00:00'),
(390, 390, 'vi', 'HP 67 Tri-Color Ink Cartridge', '', '<p>hp 67 tri-color ink cartridge Hộp mực ba màu chính hãng của HP được thiết kế để in màu rực rỡ. Có mực lục lam, đỏ tươi và vàng, đầu ra chất lượng ảnh, khả năng tương thích với dòng máy in HP DeskJet và ENVY và hiệu suất năng suất trang đáng tin cậy.</p>', '2024-05-14 05:00:00', '2024-05-14 05:00:00'),
(391, 391, 'vi', 'HP 680 Black Ink Cartridge', '', '<p>hp 680 black ink cartridge Hộp mực HP được sử dụng rộng rãi được thiết kế để in tại nhà và văn phòng. Có mực đen chống phai màu, chất lượng in ổn định, khả năng tương thích với máy in HP Ink Advantage và hiệu suất được tối ưu hóa để in tài liệu.</p>', '2024-05-14 05:00:00', '2024-05-14 05:00:00'),
(392, 392, 'vi', 'HP 680 Color Ink Cartridge', '', '<p>hp 680 color ink cartridge Hộp mực màu HP chính hãng được thiết kế để in hình ảnh và tài liệu sống động. Có hệ thống mực ba màu tích hợp, dòng mực đáng tin cậy, khả năng tương thích với máy in HP Ink Advantage và khả năng in ảnh chất lượng cao.</p>', '2024-05-14 05:00:00', '2024-05-14 05:00:00'),
(393, 393, 'vi', 'HP 954 Black Ink Cartridge', '', '<p>hp 954 black ink cartridge Hộp mực HP OfficeJet cấp chuyên nghiệp được thiết kế để in ấn cho doanh nghiệp. Có mực bột màu đen năng suất cao, tài liệu chống nước, khả năng tương thích với máy in HP OfficeJet Pro và đầu ra chất lượng doanh nghiệp.</p>', '2024-05-14 05:00:00', '2024-05-14 05:00:00'),
(394, 394, 'vi', 'HP GT53 Black Ink Bottle', '', '<p>hp gt53 black ink bottle Lọ mực HP Smart Tank có thể nạp lại được thiết kế để in với chi phí cực thấp. Có năng suất trang cao, hệ thống nạp lại không tràn, công thức mực đen đậm và khả năng tương thích với máy in HP Smart Tank.</p>', '2024-05-14 05:00:00', '2024-05-14 05:00:00'),
(395, 395, 'vi', 'HP GT52 Color Ink Bottle', '', '<p>hp gt52 color ink bottle Lọ mực màu HP dung lượng cao được thiết kế cho máy in Smart Tank. Có các tùy chọn mực lục lam, đỏ tươi và vàng, khả năng in năng suất cao, tái tạo màu sắc sống động và công nghệ nạp lại dễ dàng.</p>', '2024-05-14 05:00:00', '2024-05-14 05:00:00'),
(396, 396, 'vi', 'Epson 003 Black Ink Bottle', '', '<p>epson 003 black ink bottle Lọ mực Epson EcoTank phổ biến được thiết kế để in số lượng lớn. Có mực đen sắc tố, năng suất trang cực cao, vòi nạp không tràn và khả năng tương thích với máy in Epson EcoTank.</p>', '2024-05-14 05:00:00', '2024-05-14 05:00:00'),
(397, 397, 'vi', 'Epson 003 Cyan Ink Bottle', '', '<p>epson 003 cyan ink bottle Lọ mực lục lam Epson chính hãng được thiết kế cho máy in EcoTank. Có đầu ra màu sắc sống động, năng suất trang cao, hiệu suất chống phai màu và thiết kế nạp lại chính xác để in chi phí thấp.</p>', '2024-05-14 05:00:00', '2024-05-14 05:00:00'),
(398, 398, 'vi', 'Epson 003 Magenta Ink Bottle', '', '<p>epson 003 magenta ink bottle Lọ mực Epson màu đỏ tươi dung lượng cao có hiệu suất màu sắc sống động, khả năng tương thích EcoTank, công nghệ nạp lại chống tràn và chất lượng in lâu dài cho ảnh và tài liệu.</p>', '2024-05-14 05:00:00', '2024-05-14 05:00:00'),
(399, 399, 'vi', 'Epson 003 Yellow Ink Bottle', '', '<p>epson 003 yellow ink bottle Lọ mực màu vàng Epson EcoTank được thiết kế để in hình ảnh và đồ họa sống động. Có sản lượng năng suất cao, công thức mực chống phai màu và hoạt động nạp lại đáng tin cậy.</p>', '2024-05-14 05:00:00', '2024-05-14 05:00:00'),
(400, 400, 'vi', 'Epson 664 Black Ink Bottle', '', '<p>epson 664 black ink bottle Lọ mực nạp lại Epson được mua rộng rãi được thiết kế cho máy in EcoTank. Tính năng in chi phí cực thấp, năng suất trang cao, mực đen sắc tố và hiệu suất tối ưu hóa để in tài liệu.</p>', '2024-05-14 05:00:00', '2024-05-14 05:00:00'),
(401, 401, 'vi', 'Epson 664 Cyan Ink Bottle', '', '<p>epson 664 cyan ink bottle Chai nạp lục lam Epson chính hãng có năng suất trang cao, đầu ra màu sắc sống động, khả năng tương thích EcoTank và hiệu suất in đáng tin cậy cho mục đích kinh doanh và gia đình.</p>', '2024-05-14 05:00:00', '2024-05-14 05:00:00'),
(402, 402, 'vi', 'Epson T673 Photo Black Ink Bottle', '', '<p>epson t673 photo black ink bottle Mực đen ảnh Epson cao cấp được thiết kế cho máy in ảnh và đầu ra hình ảnh chuyên nghiệp. Có tông màu đen sâu, chất lượng in độ phân giải cao và khả năng tương thích với máy in ảnh Epson L-series.</p>', '2024-05-14 05:00:00', '2024-05-14 05:00:00'),
(403, 403, 'vi', 'OKI C332 Black Toner Cartridge', '', '<p>oki c332 black toner cartridge Hộp mực chính hãng OKI được thiết kế để in đơn sắc đáng tin cậy. Có công nghệ in laser, đầu ra văn bản sắc nét, khả năng tương thích với máy in dòng OKI C332 và hiệu suất mực ổn định.</p>', '2024-05-14 05:00:00', '2024-05-14 05:00:00'),
(404, 404, 'vi', 'OKI C332 Cyan Toner Cartridge', '', '<p>oki c332 cyan toner cartridge Hộp mực màu lục lam chính hãng OKI được thiết kế để in laser màu sắc sống động. Có đầu ra màu độ phân giải cao, dòng mực đáng tin cậy và khả năng tương thích với máy in laser màu OKI.</p>', '2024-05-14 05:00:00', '2024-05-14 05:00:00'),
(405, 405, 'vi', 'OKI C332 Magenta Toner Cartridge', '', '<p>oki c332 magenta toner cartridge Hộp mực màu đỏ tươi OKI chất lượng cao được thiết kế để in màu chuyên nghiệp. Có chất lượng in nhất quán, đầu ra chính xác bằng laser và hiệu suất năng suất trang ổn định.</p>', '2024-05-14 05:00:00', '2024-05-14 05:00:00'),
(406, 406, 'vi', 'OKI C332 Yellow Toner Cartridge', '', '<p>oki c332 yellow toner cartridge Hộp mực màu vàng chính hãng của OKI có khả năng tái tạo màu sắc rực rỡ, phân phối mực mượt mà và khả năng tương thích với máy in dòng OKI C332.</p>', '2024-05-14 05:00:00', '2024-05-14 05:00:00'),
(407, 407, 'vi', 'OKI B412 Black Toner Cartridge', '', '<p>oki b412 black toner cartridge Hộp mực đơn sắc đáng tin cậy được thiết kế cho máy in doanh nghiệp OKI. Có đầu ra tài liệu sắc nét, năng suất trang cao, tính nhất quán in bền và khả năng in văn phòng hiệu quả.</p>', '2024-05-14 05:00:00', '2024-05-14 05:00:00'),
(408, 408, 'vi', 'OKI MC363 Black Toner Cartridge', '', '<p>oki mc363 black toner cartridge Hộp mực OKI chuyên nghiệp được thiết kế cho máy in laser đa chức năng. Có chất lượng in đen phong phú, hiệu suất mực ổn định và đầu ra in doanh nghiệp đáng tin cậy.</p>', '2024-05-14 05:00:00', '2024-05-14 05:00:00'),
(409, 409, 'vi', 'OKI MC363 Cyan Toner Cartridge', '', '<p>oki mc363 cyan toner cartridge Mực lục lam OKI chính hãng được thiết kế cho máy in văn phòng đa chức năng. Có chất lượng màu sắc sống động, sử dụng mực hiệu quả và hiệu suất in laser độ phân giải cao.</p>', '2024-05-14 05:00:00', '2024-05-14 05:00:00'),
(410, 410, 'vi', 'Canon GI-790 Black Ink Bottle', '', '<p>canon gi-790 black ink bottle Lọ mực nạp chính hãng của Canon được thiết kế cho máy in PIXMA G-series. Có năng suất trang cao, mực đen sắc tố, hệ thống nạp lại chống tràn và hiệu suất in tài liệu chi phí thấp.</p>', '2024-05-14 05:00:00', '2024-05-14 05:00:00'),
(411, 411, 'vi', 'Canon GI-790 Cyan Ink Bottle', '', '<p>canon gi-790 cyan ink bottle Chai nạp lục lam chính hãng của Canon có đầu ra màu sắc sống động, dòng mực mượt mà, khả năng tương thích với máy in PIXMA G-series và chất lượng in ảnh đáng tin cậy.</p>', '2024-05-14 05:00:00', '2024-05-14 05:00:00'),
(412, 412, 'vi', 'Canon GI-790 Magenta Ink Bottle', '', '<p>canon gi-790 magenta ink bottle Lọ mực màu đỏ tươi dung lượng cao của Canon được thiết kế để in hình ảnh sống động và đồ họa văn phòng. Có hiệu suất nạp lại ổn định và độ chính xác màu tuyệt vời.</p>', '2024-05-14 05:00:00', '2024-05-14 05:00:00'),
(413, 413, 'vi', 'Canon GI-790 Yellow Ink Bottle', '', '<p>canon gi-790 yellow ink bottle Chai nạp lại màu vàng của Canon được thiết kế để có đồ họa sống động và in ảnh. Có hiệu suất màu chống phai màu và khả năng in năng suất cao.</p>', '2024-05-14 05:00:00', '2024-05-14 05:00:00'),
(414, 414, 'vi', 'Canon PG-745 Black Ink Cartridge', '', '<p>canon pg-745 black ink cartridge Hộp mực đen phổ biến của Canon được thiết kế cho máy in PIXMA. Có mực đen sắc tố, in tài liệu sắc nét, phân phối mực đáng tin cậy và lắp đặt hộp mực dễ dàng.</p>', '2024-05-14 05:00:00', '2024-05-14 05:00:00'),
(415, 415, 'vi', 'Canon CL-746 Color Ink Cartridge', '', '<p>canon cl-746 color ink cartridge Hộp mực màu chính hãng của Canon được thiết kế để in ảnh và tài liệu sống động. Có hệ thống mực ba màu, chất lượng hình ảnh sống động và khả năng tương thích với máy in PIXMA.</p>', '2024-05-14 05:00:00', '2024-05-14 05:00:00'),
(416, 416, 'vi', 'Canon Cartridge 325 Toner', '', '<p>canon cartridge 325 toner Hộp mực laser Canon được sử dụng rộng rãi được thiết kế để in văn phòng đơn sắc. Có đầu ra văn bản sắc nét, năng suất trang đáng tin cậy và khả năng tương thích với máy in Canon imageCLASS.</p>', '2024-05-14 05:00:00', '2024-05-14 05:00:00'),
(417, 417, 'vi', 'Brother BT-D60 Black Ink Bottle', '', '<p>brother bt-d60 black ink bottle Lọ mực nạp lại Brother chính hãng được thiết kế cho máy in InkBenefit Tank. Có năng suất trang cực cao, mực đen sắc tố và hiệu suất in văn phòng chi phí thấp đáng tin cậy.</p>', '2024-05-14 05:00:00', '2024-05-14 05:00:00'),
(418, 418, 'vi', 'Brother BT5000 Cyan Ink Bottle', '', '<p>brother bt5000 cyan ink bottle Chai nạp lục lam Brother chính hãng được thiết kế để in màu sắc sống động và hiệu suất dòng mực mượt mà. Tương thích với máy in bình mực Brother.</p>', '2024-05-14 05:00:00', '2024-05-14 05:00:00'),
(419, 419, 'vi', 'Brother BT5000 Magenta Ink Bottle', '', '<p>brother bt5000 magenta ink bottle Lọ mực Brother màu đỏ tươi dung lượng cao được thiết kế để in đồ họa và hình ảnh sống động. Có thiết kế nạp lại đáng tin cậy và chất lượng in nhất quán.</p>', '2024-05-14 05:00:00', '2024-05-14 05:00:00'),
(420, 420, 'vi', 'Brother BT5000 Yellow Ink Bottle', '', '<p>brother bt5000 yellow ink bottle Chai nạp lại màu vàng Brother được thiết kế để in tài liệu và hình ảnh đầy màu sắc. Có năng suất trang cao và hiệu suất tối ưu cho máy in Brother.</p>', '2024-05-14 05:00:00', '2024-05-14 05:00:00'),
(421, 421, 'vi', 'Brother TN-2385 Black Toner Cartridge', '', '<p>brother tn-2385 black toner cartridge Hộp mực đơn sắc Brother phổ biến được thiết kế cho máy in văn phòng laser. Có văn bản màu đen sắc nét, năng suất trang đáng tin cậy và hiệu suất in văn phòng nhất quán.</p>', '2024-05-14 05:00:00', '2024-05-14 05:00:00'),
(422, 422, 'vi', 'Brother TN-261 Cyan Toner Cartridge', '', '<p>brother tn-261 cyan toner cartridge Hộp mực lục lam Brother chính hãng được thiết kế để in laser màu chuyên nghiệp. Có chất lượng màu sắc sống động và khả năng tương thích với máy in laser Brother.</p>', '2024-05-14 05:00:00', '2024-05-14 05:00:00'),
(423, 423, 'vi', 'Brother TN-261 Magenta Toner Cartridge', '', '<p>brother tn-261 magenta toner cartridge Mực Brother màu đỏ tươi chuyên nghiệp có đầu ra màu sắc rực rỡ, dòng mực mượt mà và hiệu suất in laser chất lượng cao.</p>', '2024-05-14 05:00:00', '2024-05-14 05:00:00'),
(424, 424, 'vi', 'Ricoh SP C250 Black Toner Cartridge', '', '<p>ricoh sp c250 black toner cartridge Hộp mực đơn sắc Ricoh chính hãng được thiết kế để in laser văn phòng. Có đầu ra tài liệu sắc nét, hiệu suất mực đáng tin cậy và khả năng tương thích với máy in dòng Ricoh SP.</p>', '2024-05-14 05:00:00', '2024-05-14 05:00:00'),
(425, 425, 'vi', 'Ricoh SP C250 Cyan Toner Cartridge', '', '<p>ricoh sp c250 cyan toner cartridge Hộp mực lục lam Ricoh chính hãng được thiết kế để in màu văn phòng sống động. Có tính nhất quán mực ổn định và chất lượng hình ảnh chuyên nghiệp.</p>', '2024-05-14 05:00:00', '2024-05-14 05:00:00'),
(426, 426, 'vi', 'Ricoh SP C250 Magenta Toner Cartridge', '', '<p>ricoh sp c250 magenta toner cartridge Hộp mực màu đỏ tươi của Ricoh có hiệu suất in laser đáng tin cậy, đầu ra đồ họa sống động và phân phối mực mượt mà.</p>', '2024-05-14 05:00:00', '2024-05-14 05:00:00'),
(427, 427, 'vi', 'Ricoh SP C250 Yellow Toner Cartridge', '', '<p>ricoh sp c250 yellow toner cartridge Hộp mực màu vàng Ricoh chất lượng cao được thiết kế để in văn phòng chuyên nghiệp và đồ họa tài liệu sống động.</p>', '2024-05-14 05:00:00', '2024-05-14 05:00:00'),
(428, 428, 'vi', 'Ricoh MP C3503 Black Toner Cartridge', '', '<p>ricoh mp c3503 black toner cartridge Hộp mực Ricoh chuyên nghiệp được thiết kế cho máy in văn phòng đa chức năng. Có năng suất trang cao, chất lượng văn bản sắc nét và hiệu suất in cấp doanh nghiệp.</p>', '2024-05-14 05:00:00', '2024-05-14 05:00:00'),
(429, 429, 'vi', 'Ricoh MP C3503 Cyan Toner Cartridge', '', '<p>ricoh mp c3503 cyan toner cartridge Mực lục lam chính hãng của Ricoh được thiết kế cho đồ họa doanh nghiệp sống động và đầu ra in laser độ phân giải cao.</p>', '2024-05-14 05:00:00', '2024-05-14 05:00:00'),
(430, 430, 'vi', 'Ricoh MP C3503 Magenta Toner Cartridge', '', '<p>ricoh mp c3503 magenta toner cartridge Hộp mực màu đỏ tươi chính hãng của Ricoh có chất lượng in ổn định và hiệu suất tài liệu màu chuyên nghiệp.</p>', '2024-05-14 05:00:00', '2024-05-14 05:00:00');

INSERT INTO `slug` (`id`, `post_id`, `post_type`, `lang`, `handle`, `created_at`, `updated_at`) VALUES
(883, 389, 'product', 'vi', 'hp-67-black-ink-cartridge', '2024-05-14 05:00:00', '2024-05-14 05:00:00'),
(884, 389, 'product', 'en', 'hp-67-black-ink-cartridge', '2024-05-14 05:00:00', '2024-05-14 05:00:00'),
(885, 390, 'product', 'vi', 'hp-67-tri-color-ink-cartridge', '2024-05-14 05:00:00', '2024-05-14 05:00:00'),
(886, 390, 'product', 'en', 'hp-67-tri-color-ink-cartridge', '2024-05-14 05:00:00', '2024-05-14 05:00:00'),
(887, 391, 'product', 'vi', 'hp-680-black-ink-cartridge', '2024-05-14 05:00:00', '2024-05-14 05:00:00'),
(888, 391, 'product', 'en', 'hp-680-black-ink-cartridge', '2024-05-14 05:00:00', '2024-05-14 05:00:00'),
(889, 392, 'product', 'vi', 'hp-680-color-ink-cartridge', '2024-05-14 05:00:00', '2024-05-14 05:00:00'),
(890, 392, 'product', 'en', 'hp-680-color-ink-cartridge', '2024-05-14 05:00:00', '2024-05-14 05:00:00'),
(891, 393, 'product', 'vi', 'hp-954-black-ink-cartridge', '2024-05-14 05:00:00', '2024-05-14 05:00:00'),
(892, 393, 'product', 'en', 'hp-954-black-ink-cartridge', '2024-05-14 05:00:00', '2024-05-14 05:00:00'),
(893, 394, 'product', 'vi', 'hp-gt53-black-ink-bottle', '2024-05-14 05:00:00', '2024-05-14 05:00:00'),
(894, 394, 'product', 'en', 'hp-gt53-black-ink-bottle', '2024-05-14 05:00:00', '2024-05-14 05:00:00'),
(895, 395, 'product', 'vi', 'hp-gt52-color-ink-bottle', '2024-05-14 05:00:00', '2024-05-14 05:00:00'),
(896, 395, 'product', 'en', 'hp-gt52-color-ink-bottle', '2024-05-14 05:00:00', '2024-05-14 05:00:00'),
(897, 396, 'product', 'vi', 'epson-003-black-ink-bottle', '2024-05-14 05:00:00', '2024-05-14 05:00:00'),
(898, 396, 'product', 'en', 'epson-003-black-ink-bottle', '2024-05-14 05:00:00', '2024-05-14 05:00:00'),
(899, 397, 'product', 'vi', 'epson-003-cyan-ink-bottle', '2024-05-14 05:00:00', '2024-05-14 05:00:00'),
(900, 397, 'product', 'en', 'epson-003-cyan-ink-bottle', '2024-05-14 05:00:00', '2024-05-14 05:00:00'),
(901, 398, 'product', 'vi', 'epson-003-magenta-ink-bottle', '2024-05-14 05:00:00', '2024-05-14 05:00:00'),
(902, 398, 'product', 'en', 'epson-003-magenta-ink-bottle', '2024-05-14 05:00:00', '2024-05-14 05:00:00'),
(903, 399, 'product', 'vi', 'epson-003-yellow-ink-bottle', '2024-05-14 05:00:00', '2024-05-14 05:00:00'),
(904, 399, 'product', 'en', 'epson-003-yellow-ink-bottle', '2024-05-14 05:00:00', '2024-05-14 05:00:00'),
(905, 400, 'product', 'vi', 'epson-664-black-ink-bottle', '2024-05-14 05:00:00', '2024-05-14 05:00:00'),
(906, 400, 'product', 'en', 'epson-664-black-ink-bottle', '2024-05-14 05:00:00', '2024-05-14 05:00:00'),
(907, 401, 'product', 'vi', 'epson-664-cyan-ink-bottle', '2024-05-14 05:00:00', '2024-05-14 05:00:00'),
(908, 401, 'product', 'en', 'epson-664-cyan-ink-bottle', '2024-05-14 05:00:00', '2024-05-14 05:00:00'),
(909, 402, 'product', 'vi', 'epson-t673-photo-black-ink-bottle', '2024-05-14 05:00:00', '2024-05-14 05:00:00'),
(910, 402, 'product', 'en', 'epson-t673-photo-black-ink-bottle', '2024-05-14 05:00:00', '2024-05-14 05:00:00'),
(911, 403, 'product', 'vi', 'oki-c332-black-toner-cartridge', '2024-05-14 05:00:00', '2024-05-14 05:00:00'),
(912, 403, 'product', 'en', 'oki-c332-black-toner-cartridge', '2024-05-14 05:00:00', '2024-05-14 05:00:00'),
(913, 404, 'product', 'vi', 'oki-c332-cyan-toner-cartridge', '2024-05-14 05:00:00', '2024-05-14 05:00:00'),
(914, 404, 'product', 'en', 'oki-c332-cyan-toner-cartridge', '2024-05-14 05:00:00', '2024-05-14 05:00:00'),
(915, 405, 'product', 'vi', 'oki-c332-magenta-toner-cartridge', '2024-05-14 05:00:00', '2024-05-14 05:00:00'),
(916, 405, 'product', 'en', 'oki-c332-magenta-toner-cartridge', '2024-05-14 05:00:00', '2024-05-14 05:00:00'),
(917, 406, 'product', 'vi', 'oki-c332-yellow-toner-cartridge', '2024-05-14 05:00:00', '2024-05-14 05:00:00'),
(918, 406, 'product', 'en', 'oki-c332-yellow-toner-cartridge', '2024-05-14 05:00:00', '2024-05-14 05:00:00'),
(919, 407, 'product', 'vi', 'oki-b412-black-toner-cartridge', '2024-05-14 05:00:00', '2024-05-14 05:00:00'),
(920, 407, 'product', 'en', 'oki-b412-black-toner-cartridge', '2024-05-14 05:00:00', '2024-05-14 05:00:00'),
(921, 408, 'product', 'vi', 'oki-mc363-black-toner-cartridge', '2024-05-14 05:00:00', '2024-05-14 05:00:00'),
(922, 408, 'product', 'en', 'oki-mc363-black-toner-cartridge', '2024-05-14 05:00:00', '2024-05-14 05:00:00'),
(923, 409, 'product', 'vi', 'oki-mc363-cyan-toner-cartridge', '2024-05-14 05:00:00', '2024-05-14 05:00:00'),
(924, 409, 'product', 'en', 'oki-mc363-cyan-toner-cartridge', '2024-05-14 05:00:00', '2024-05-14 05:00:00'),
(925, 410, 'product', 'vi', 'canon-gi-790-black-ink-bottle', '2024-05-14 05:00:00', '2024-05-14 05:00:00'),
(926, 410, 'product', 'en', 'canon-gi-790-black-ink-bottle', '2024-05-14 05:00:00', '2024-05-14 05:00:00'),
(927, 411, 'product', 'vi', 'canon-gi-790-cyan-ink-bottle', '2024-05-14 05:00:00', '2024-05-14 05:00:00'),
(928, 411, 'product', 'en', 'canon-gi-790-cyan-ink-bottle', '2024-05-14 05:00:00', '2024-05-14 05:00:00'),
(929, 412, 'product', 'vi', 'canon-gi-790-magenta-ink-bottle', '2024-05-14 05:00:00', '2024-05-14 05:00:00'),
(930, 412, 'product', 'en', 'canon-gi-790-magenta-ink-bottle', '2024-05-14 05:00:00', '2024-05-14 05:00:00'),
(931, 413, 'product', 'vi', 'canon-gi-790-yellow-ink-bottle', '2024-05-14 05:00:00', '2024-05-14 05:00:00'),
(932, 413, 'product', 'en', 'canon-gi-790-yellow-ink-bottle', '2024-05-14 05:00:00', '2024-05-14 05:00:00'),
(933, 414, 'product', 'vi', 'canon-pg-745-black-ink-cartridge', '2024-05-14 05:00:00', '2024-05-14 05:00:00'),
(934, 414, 'product', 'en', 'canon-pg-745-black-ink-cartridge', '2024-05-14 05:00:00', '2024-05-14 05:00:00'),
(935, 415, 'product', 'vi', 'canon-cl-746-color-ink-cartridge', '2024-05-14 05:00:00', '2024-05-14 05:00:00'),
(936, 415, 'product', 'en', 'canon-cl-746-color-ink-cartridge', '2024-05-14 05:00:00', '2024-05-14 05:00:00'),
(937, 416, 'product', 'vi', 'canon-cartridge-325-toner', '2024-05-14 05:00:00', '2024-05-14 05:00:00'),
(938, 416, 'product', 'en', 'canon-cartridge-325-toner', '2024-05-14 05:00:00', '2024-05-14 05:00:00'),
(939, 417, 'product', 'vi', 'brother-bt-d60-black-ink-bottle', '2024-05-14 05:00:00', '2024-05-14 05:00:00'),
(940, 417, 'product', 'en', 'brother-bt-d60-black-ink-bottle', '2024-05-14 05:00:00', '2024-05-14 05:00:00'),
(941, 418, 'product', 'vi', 'brother-bt5000-cyan-ink-bottle', '2024-05-14 05:00:00', '2024-05-14 05:00:00'),
(942, 418, 'product', 'en', 'brother-bt5000-cyan-ink-bottle', '2024-05-14 05:00:00', '2024-05-14 05:00:00'),
(943, 419, 'product', 'vi', 'brother-bt5000-magenta-ink-bottle', '2024-05-14 05:00:00', '2024-05-14 05:00:00'),
(944, 419, 'product', 'en', 'brother-bt5000-magenta-ink-bottle', '2024-05-14 05:00:00', '2024-05-14 05:00:00'),
(945, 420, 'product', 'vi', 'brother-bt5000-yellow-ink-bottle', '2024-05-14 05:00:00', '2024-05-14 05:00:00'),
(946, 420, 'product', 'en', 'brother-bt5000-yellow-ink-bottle', '2024-05-14 05:00:00', '2024-05-14 05:00:00'),
(947, 421, 'product', 'vi', 'brother-tn-2385-black-toner-cartridge', '2024-05-14 05:00:00', '2024-05-14 05:00:00'),
(948, 421, 'product', 'en', 'brother-tn-2385-black-toner-cartridge', '2024-05-14 05:00:00', '2024-05-14 05:00:00'),
(949, 422, 'product', 'vi', 'brother-tn-261-cyan-toner-cartridge', '2024-05-14 05:00:00', '2024-05-14 05:00:00'),
(950, 422, 'product', 'en', 'brother-tn-261-cyan-toner-cartridge', '2024-05-14 05:00:00', '2024-05-14 05:00:00'),
(951, 423, 'product', 'vi', 'brother-tn-261-magenta-toner-cartridge', '2024-05-14 05:00:00', '2024-05-14 05:00:00'),
(952, 423, 'product', 'en', 'brother-tn-261-magenta-toner-cartridge', '2024-05-14 05:00:00', '2024-05-14 05:00:00'),
(953, 424, 'product', 'vi', 'ricoh-sp-c250-black-toner-cartridge', '2024-05-14 05:00:00', '2024-05-14 05:00:00'),
(954, 424, 'product', 'en', 'ricoh-sp-c250-black-toner-cartridge', '2024-05-14 05:00:00', '2024-05-14 05:00:00'),
(955, 425, 'product', 'vi', 'ricoh-sp-c250-cyan-toner-cartridge', '2024-05-14 05:00:00', '2024-05-14 05:00:00'),
(956, 425, 'product', 'en', 'ricoh-sp-c250-cyan-toner-cartridge', '2024-05-14 05:00:00', '2024-05-14 05:00:00'),
(957, 426, 'product', 'vi', 'ricoh-sp-c250-magenta-toner-cartridge', '2024-05-14 05:00:00', '2024-05-14 05:00:00'),
(958, 426, 'product', 'en', 'ricoh-sp-c250-magenta-toner-cartridge', '2024-05-14 05:00:00', '2024-05-14 05:00:00'),
(959, 427, 'product', 'vi', 'ricoh-sp-c250-yellow-toner-cartridge', '2024-05-14 05:00:00', '2024-05-14 05:00:00'),
(960, 427, 'product', 'en', 'ricoh-sp-c250-yellow-toner-cartridge', '2024-05-14 05:00:00', '2024-05-14 05:00:00'),
(961, 428, 'product', 'vi', 'ricoh-mp-c3503-black-toner-cartridge', '2024-05-14 05:00:00', '2024-05-14 05:00:00'),
(962, 428, 'product', 'en', 'ricoh-mp-c3503-black-toner-cartridge', '2024-05-14 05:00:00', '2024-05-14 05:00:00'),
(963, 429, 'product', 'vi', 'ricoh-mp-c3503-cyan-toner-cartridge', '2024-05-14 05:00:00', '2024-05-14 05:00:00'),
(964, 429, 'product', 'en', 'ricoh-mp-c3503-cyan-toner-cartridge', '2024-05-14 05:00:00', '2024-05-14 05:00:00'),
(965, 430, 'product', 'vi', 'ricoh-mp-c3503-magenta-toner-cartridge', '2024-05-14 05:00:00', '2024-05-14 05:00:00'),
(966, 430, 'product', 'en', 'ricoh-mp-c3503-magenta-toner-cartridge', '2024-05-14 05:00:00', '2024-05-14 05:00:00');

INSERT INTO `collection_product` (`id`, `collection_id`, `product_id`, `priority`, `created_at`, `updated_at`) VALUES
(518, 2, 389, 0, '2024-05-14 05:00:00', '2024-05-14 05:00:00'),
(519, 2, 390, 0, '2024-05-14 05:00:00', '2024-05-14 05:00:00'),
(520, 2, 391, 0, '2024-05-14 05:00:00', '2024-05-14 05:00:00'),
(521, 2, 392, 0, '2024-05-14 05:00:00', '2024-05-14 05:00:00'),
(522, 2, 393, 0, '2024-05-14 05:00:00', '2024-05-14 05:00:00'),
(523, 2, 394, 0, '2024-05-14 05:00:00', '2024-05-14 05:00:00'),
(524, 2, 395, 0, '2024-05-14 05:00:00', '2024-05-14 05:00:00'),
(525, 2, 396, 0, '2024-05-14 05:00:00', '2024-05-14 05:00:00'),
(526, 2, 397, 0, '2024-05-14 05:00:00', '2024-05-14 05:00:00'),
(527, 2, 398, 0, '2024-05-14 05:00:00', '2024-05-14 05:00:00'),
(528, 2, 399, 0, '2024-05-14 05:00:00', '2024-05-14 05:00:00'),
(529, 2, 400, 0, '2024-05-14 05:00:00', '2024-05-14 05:00:00'),
(530, 2, 401, 0, '2024-05-14 05:00:00', '2024-05-14 05:00:00'),
(531, 2, 402, 0, '2024-05-14 05:00:00', '2024-05-14 05:00:00'),
(532, 2, 403, 0, '2024-05-14 05:00:00', '2024-05-14 05:00:00'),
(533, 2, 404, 0, '2024-05-14 05:00:00', '2024-05-14 05:00:00'),
(534, 2, 405, 0, '2024-05-14 05:00:00', '2024-05-14 05:00:00'),
(535, 2, 406, 0, '2024-05-14 05:00:00', '2024-05-14 05:00:00'),
(536, 2, 407, 0, '2024-05-14 05:00:00', '2024-05-14 05:00:00'),
(537, 2, 408, 0, '2024-05-14 05:00:00', '2024-05-14 05:00:00'),
(538, 2, 409, 0, '2024-05-14 05:00:00', '2024-05-14 05:00:00'),
(539, 2, 410, 0, '2024-05-14 05:00:00', '2024-05-14 05:00:00'),
(540, 2, 411, 0, '2024-05-14 05:00:00', '2024-05-14 05:00:00'),
(541, 2, 412, 0, '2024-05-14 05:00:00', '2024-05-14 05:00:00'),
(542, 2, 413, 0, '2024-05-14 05:00:00', '2024-05-14 05:00:00'),
(543, 2, 414, 0, '2024-05-14 05:00:00', '2024-05-14 05:00:00'),
(544, 2, 415, 0, '2024-05-14 05:00:00', '2024-05-14 05:00:00'),
(545, 2, 416, 0, '2024-05-14 05:00:00', '2024-05-14 05:00:00'),
(546, 2, 417, 0, '2024-05-14 05:00:00', '2024-05-14 05:00:00'),
(547, 2, 418, 0, '2024-05-14 05:00:00', '2024-05-14 05:00:00'),
(548, 2, 419, 0, '2024-05-14 05:00:00', '2024-05-14 05:00:00'),
(549, 2, 420, 0, '2024-05-14 05:00:00', '2024-05-14 05:00:00'),
(550, 2, 421, 0, '2024-05-14 05:00:00', '2024-05-14 05:00:00'),
(551, 2, 422, 0, '2024-05-14 05:00:00', '2024-05-14 05:00:00'),
(552, 2, 423, 0, '2024-05-14 05:00:00', '2024-05-14 05:00:00'),
(553, 2, 424, 0, '2024-05-14 05:00:00', '2024-05-14 05:00:00'),
(554, 2, 425, 0, '2024-05-14 05:00:00', '2024-05-14 05:00:00'),
(555, 2, 426, 0, '2024-05-14 05:00:00', '2024-05-14 05:00:00'),
(556, 2, 427, 0, '2024-05-14 05:00:00', '2024-05-14 05:00:00'),
(557, 2, 428, 0, '2024-05-14 05:00:00', '2024-05-14 05:00:00'),
(558, 2, 429, 0, '2024-05-14 05:00:00', '2024-05-14 05:00:00'),
(559, 2, 430, 0, '2024-05-14 05:00:00', '2024-05-14 05:00:00');

SET FOREIGN_KEY_CHECKS = 1;