SET FOREIGN_KEY_CHECKS = 0;

INSERT INTO `product` (`id`, `title`, `image`, `description`, `content`, `sell`, `view`, `rating`, `status`, `priority`, `tags`, `template`, `stock_manage`, `stop_selling`, `stock_quant`, `option_1`, `option_2`, `option_3`, `option_4`, `option_5`, `option_6`, `created_at`, `updated_at`, `raw_title`, `raw_full`) VALUES
(332, 'HyperX Alloy Origins Core', 'HyperX Alloy Origins Core.jpg', '', '', 0, 0, 0.00, 'active', 1000, 'linh-kien', '', 0, 'publish', 1, '', '', '', '', '', '', '2024-05-14 04:20:00', '2024-05-14 04:20:00', 'hyperx alloy origins core', 'hyperx alloy origins core bàn phím chơi game không phím nhỏ gọn có công tắc cơ học hyperx, thân máy hoàn toàn bằng nhôm cấp máy bay, tùy chỉnh ánh sáng rgb, cáp usb-c có thể tháo rời, hỗ trợ chống bóng mờ và độ bền mạnh mẽ cho môi trường chơi game cạnh tranh.'),
(333, 'Logitech G213 Prodigy', 'Logitech G213 Prodigy.jpg', '', '', 0, 0, 0.00, 'active', 1000, 'linh-kien', '', 0, 'publish', 1, '', '', '', '', '', '', '2024-05-14 04:20:00', '2024-05-14 04:20:00', 'logitech g213 prodigy', 'logitech g213 prodigy bàn phím chơi game giá cả phải chăng có vùng rgb lightsync, cấu trúc chống tràn, phần tựa tay tích hợp, điều khiển phương tiện chuyên dụng, các phím chơi game màng được điều chỉnh để phản hồi và bố cục kích thước đầy đủ thoải mái để chơi game và sử dụng hàng ngày.'),
(334, 'Logitech G Pro X Superlight 2', 'Logitech G Pro X Superlight 2.jpg', '', '', 0, 0, 0.00, 'active', 1000, 'linh-kien', '', 0, 'publish', 1, '', '', '', '', '', '', '2024-05-14 04:20:00', '2024-05-14 04:20:00', 'logitech g pro x superlight 2', 'logitech g pro x superlight 2 chuột chơi game thể thao điện tử chuyên nghiệp được thiết kế để mang lại hiệu suất cạnh tranh siêu nhẹ. có cảm biến quang học hero 2, lên đến 32.000 dpi, kết nối không dây lightspeed, hỗ trợ thăm dò 4k/8k, thiết kế siêu nhẹ 60g, sạc usb-c, chân ptfe và công nghệ không dây có độ trễ thấp tiên tiến được các vận động viên thể thao điện tử chuyên nghiệp trên toàn thế giới tin tưởng.'),
(335, 'Razer Viper V3 Pro', 'Razer Viper V3 Pro.jpg', '', '', 0, 0, 0.00, 'active', 1000, 'linh-kien', '', 0, 'publish', 1, '', '', '', '', '', '', '2024-05-14 04:20:00', '2024-05-14 04:20:00', 'razer viper v3 pro', 'razer viper v3 pro chuột chơi game thể thao điện tử không dây cao cấp có cảm biến quang học focus pro 35k, thiết kế công thái học siêu nhẹ, công nghệ không dây hyperspeed, công tắc chuột quang gen-3, tốc độ bỏ phiếu lên đến 8000hz, thời lượng pin dài và độ chính xác chơi game fps cấp độ chuyên nghiệp.'),
(336, 'Logitech G502 X Lightspeed', 'Logitech G502 X Lightspeed.jpg', '', '', 0, 0, 0.00, 'active', 1000, 'linh-kien', '', 0, 'publish', 1, '', '', '', '', '', '', '2024-05-14 04:20:00', '2024-05-14 04:20:00', 'logitech g502 x lightspeed', 'logitech g502 x lightspeed một trong những con chuột chơi game được công nhận nhất thế giới có công tắc quang-cơ lai lightforce, cảm biến hero 25k, cài đặt dpi có thể tùy chỉnh, thiết kế tiện dụng, kết nối lightspeed không dây, các nút có thể lập trình, hỗ trợ rgb và tính linh hoạt chơi game đa thể loại.'),
(337, 'Logitech MX Master 3S', 'Logitech MX Master 3S.jpg', '', '', 0, 0, 0.00, 'active', 1000, 'linh-kien', '', 0, 'publish', 1, '', '', '', '', '', '', '2024-05-14 04:20:00', '2024-05-14 04:20:00', 'logitech mx master 3s', 'logitech mx master 3s chuột văn phòng và năng suất cao cấp được thiết kế cho quy trình làm việc chuyên nghiệp và đa nhiệm. có thiết kế điêu khắc tiện dụng, cuộn điện từ magspeed, nhấp chuột im lặng, cảm biến darkfield 8000 dpi, sạc nhanh usb-c, kết nối đa thiết bị bluetooth và khả năng tương thích với hệ thống windows và macos.'),
(338, 'Razer DeathAdder V3 Pro', 'Razer DeathAdder V3 Pro.jpg', '', '', 0, 0, 0.00, 'active', 1000, 'linh-kien', '', 0, 'publish', 1, '', '', '', '', '', '', '2024-05-14 04:20:00', '2024-05-14 04:20:00', 'razer deathadder v3 pro', 'razer deathadder v3 pro chuột chơi game công thái học nhẹ có cảm biến quang học focus pro 30k, công tắc quang học gen-3, công nghệ hyperspeed không dây, thiết kế siêu nhẹ, hình dạng thuận tay phải tiện dụng và độ chính xác theo dõi cấp thể thao điện tử để chơi game fps và moba.'),
(339, 'Logitech M720 Triathlon', 'Logitech M720 Triathlon.jpg', '', '', 0, 0, 0.00, 'active', 1000, 'linh-kien', '', 0, 'publish', 1, '', '', '', '', '', '', '2024-05-14 04:20:00', '2024-05-14 04:20:00', 'logitech m720 triathlon', 'logitech m720 triathlon chuột văn phòng không dây phổ biến được thiết kế cho năng suất và quy trình làm việc đa thiết bị. có kết nối không dây bluetooth và usb, các nút có thể lập trình, tiện nghi về mặt công thái học, chuyển đổi đa thiết bị, thời lượng pin dài, cuộn chính xác và hiệu suất văn phòng đáng tin cậy.'),
(340, 'SteelSeries Rival 3 Wireless', 'SteelSeries Rival 3 Wireless.jpg', '', '', 0, 0, 0.00, 'active', 1000, 'linh-kien', '', 0, 'publish', 1, '', '', '', '', '', '', '2024-05-14 04:20:00', '2024-05-14 04:20:00', 'steelseries rival 3 wireless', 'steelseries rival 3 wireless chuột chơi game giá cả phải chăng có cảm biến quang học truemove air, kết nối không dây kép, hiệu suất chơi game có độ trễ thấp, kết cấu nhẹ, ánh sáng rgb, thời lượng pin dài và công tắc bền phù hợp để chơi game và sử dụng máy tính để bàn hàng ngày.'),
(341, 'ASUS TUF Gaming M4 Wireless', 'ASUS TUF Gaming M4 Wireless.jpg', '', '', 0, 0, 0.00, 'active', 1000, 'linh-kien', '', 0, 'publish', 1, '', '', '', '', '', '', '2024-05-14 04:20:00', '2024-05-14 04:20:00', 'asus tuf gaming m4 wireless', 'asus tuf gaming m4 wireless chuột chơi game không dây bền bỉ được thiết kế cho hiệu suất chơi game cạnh tranh. có cảm biến quang học 12.000 dpi, thiết kế thuận cả hai tay nhẹ, các nút có thể lập trình, kết nối không dây và bluetooth, hỗ trợ asus aura sync rgb và độ bền lấy cảm hứng từ quân đội.'),
(342, 'Corsair Ironclaw RGB Wireless', 'Corsair Ironclaw RGB Wireless.jpg', '', '', 0, 0, 0.00, 'active', 1000, 'linh-kien', '', 0, 'publish', 1, '', '', '', '', '', '', '2024-05-14 04:20:00', '2024-05-14 04:20:00', 'corsair ironclaw rgb wireless', 'corsair ironclaw rgb wireless chuột chơi game tiện dụng được thiết kế cho người chơi fps và moba. có cảm biến quang học 18.000 dpi, công nghệ slipstream không dây, vùng chiếu sáng rgb, các nút có thể lập trình, công tắc omron bền, bề mặt tay cầm có kết cấu và thiết kế tiện dụng bằng tay lớn thoải mái.'),
(343, 'Microsoft Bluetooth Ergonomic Mouse', 'Microsoft Bluetooth Ergonomic Mouse.jpg', '', '', 0, 0, 0.00, 'active', 1000, 'linh-kien', '', 0, 'publish', 1, '', '', '', '', '', '', '2024-05-14 04:20:00', '2024-05-14 04:20:00', 'microsoft bluetooth ergonomic mouse', 'microsoft bluetooth ergonomic mouse chuột không dây công thái học tập trung vào văn phòng được thiết kế cho các phiên làm việc lâu dài và môi trường làm việc chuyên nghiệp. có kết nối bluetooth, phần tựa ngón tay cái tiện dụng, cảm biến theo dõi mượt mà, thiết kế nhẹ tập trung vào sự thoải mái, khả năng tương thích đa nền tảng và hiệu quả pin lâu dài.'),
(344, 'NVIDIA GeForce RTX 4060', 'NVIDIA GeForce RTX 4060.jpg', '', '', 0, 0, 0.00, 'active', 1000, 'linh-kien', '', 0, 'publish', 1, '', '', '', '', '', '', '2024-05-14 04:20:00', '2024-05-14 04:20:00', 'nvidia geforce rtx 4060', 'nvidia geforce rtx 4060 card đồ họa chơi game chính thống được mua rộng rãi được thiết kế để chơi game mượt mà 1080p và 1440p cấp thấp. có kiến trúc nvidia ada lovelace, bộ nhớ 8gb gddr6, tạo khung hình dlss 3 ai, hỗ trợ dò tia, giao diện pcie 4.0, đầu ra hdmi 2.1 và displayport 1.4a, tiêu thụ điện năng 115w thấp và hiệu quả tuyệt vời cho pc chơi game và sáng tạo nội dung.'),
(345, 'NVIDIA GeForce RTX 4070 SUPER', 'NVIDIA GeForce RTX 4070 SUPER.jpg', '', '', 0, 0, 0.00, 'active', 1000, 'linh-kien', '', 0, 'publish', 1, '', '', '', '', '', '', '2024-05-14 04:20:00', '2024-05-14 04:20:00', 'nvidia geforce rtx 4070 super', 'nvidia geforce rtx 4070 super gpu chơi game hiệu năng cao được tối ưu hóa cho khối lượng công việc chơi game và người sáng tạo siêu 1440p. có bộ nhớ gddr12x 6gb, kiến trúc ada lovelace, hỗ trợ dlss 3, lõi dò tia tiên tiến, giao diện pcie 4.0, hỗ trợ mã hóa av1, số lượng lõi cuda cao và hiệu suất tản nhiệt hiệu quả cho pc chơi game đam mê.'),
(346, 'NVIDIA GeForce RTX 4080 SUPER', 'NVIDIA GeForce RTX 4080 SUPER.jpg', '', '', 0, 0, 0.00, 'active', 1000, 'linh-kien', '', 0, 'publish', 1, '', '', '', '', '', '', '2024-05-14 04:20:00', '2024-05-14 04:20:00', 'nvidia geforce rtx 4080 super', 'nvidia geforce rtx 4080 super card đồ họa đẳng cấp dành cho người đam mê được thiết kế để chơi game 1440p và 4k tốc độ làm mới cao. có bộ nhớ gddr16x 6gb, kiến trúc ada lovelace tiên tiến, thế hệ dlss 3 khung hình, hiệu suất dò tia cao cấp, kết xuất tăng cường ai, kết nối pcie 4.0 và các giải pháp tản nhiệt mạnh mẽ từ các thương hiệu hàng đầu như asus, msi và gigabyte.'),
(347, 'NVIDIA GeForce RTX 3060', 'NVIDIA GeForce RTX 3060.jpg', '', '', 0, 0, 0.00, 'active', 1000, 'linh-kien', '', 0, 'publish', 1, '', '', '', '', '', '', '2024-05-14 04:20:00', '2024-05-14 04:20:00', 'nvidia geforce rtx 3060', 'nvidia geforce rtx 3060 card đồ họa tầm trung cực kỳ phổ biến được sử dụng rộng rãi cho các hệ thống chơi game, phát trực tuyến và năng suất. có kiến trúc ampere, bộ nhớ gddr12 6gb, hỗ trợ dò tia, nâng cấp dlss ai, hỗ trợ pcie 4.0, kết nối hdmi 2.1 và hiệu suất chơi game 1080p đáng tin cậy với giá trị đồng tiền bát gạo.'),
(348, 'NVIDIA GeForce RTX 4090', 'NVIDIA GeForce RTX 4090.jpg', '', '', 0, 0, 0.00, 'active', 1000, 'linh-kien', '', 0, 'publish', 1, '', '', '', '', '', '', '2024-05-14 04:20:00', '2024-05-14 04:20:00', 'nvidia geforce rtx 4090', 'nvidia geforce rtx 4090 card đồ họa nvidia hàng đầu được thiết kế để chơi game 4k cực cao, khối lượng công việc ai, kết xuất chuyên nghiệp và hệ thống máy trạm cao cấp. có bộ nhớ gddr24x 6gb, kiến trúc ada lovelace, lõi dò tia tiên tiến, công nghệ dlss 3, số lượng lõi cuda khổng lồ, giao diện pcie 4.0 và hiệu suất tăng tốc ai và chơi game hàng đầu trong ngành.');;

INSERT INTO `variant` (`id`, `title`, `product_id`, `option_1`, `option_2`, `option_3`, `option_4`, `option_5`, `option_6`, `barcode`, `sku_code`, `weight`, `price`, `sale_id`, `price_compare`, `stock_quant`, `status`, `note`, `created_at`, `updated_at`) VALUES
(325, 'Default', 332, '', '', '', '', '', '', '', '', 0, 0, NULL, 0, 1, 'active', '', '2024-05-14 04:20:00', '2024-05-14 04:20:00'),
(326, 'Default', 333, '', '', '', '', '', '', '', '', 0, 0, NULL, 0, 1, 'active', '', '2024-05-14 04:20:00', '2024-05-14 04:20:00'),
(327, 'Default', 334, '', '', '', '', '', '', '', '', 0, 0, NULL, 0, 1, 'active', '', '2024-05-14 04:20:00', '2024-05-14 04:20:00'),
(328, 'Default', 335, '', '', '', '', '', '', '', '', 0, 0, NULL, 0, 1, 'active', '', '2024-05-14 04:20:00', '2024-05-14 04:20:00'),
(329, 'Default', 336, '', '', '', '', '', '', '', '', 0, 0, NULL, 0, 1, 'active', '', '2024-05-14 04:20:00', '2024-05-14 04:20:00'),
(330, 'Default', 337, '', '', '', '', '', '', '', '', 0, 0, NULL, 0, 1, 'active', '', '2024-05-14 04:20:00', '2024-05-14 04:20:00'),
(331, 'Default', 338, '', '', '', '', '', '', '', '', 0, 0, NULL, 0, 1, 'active', '', '2024-05-14 04:20:00', '2024-05-14 04:20:00'),
(332, 'Default', 339, '', '', '', '', '', '', '', '', 0, 0, NULL, 0, 1, 'active', '', '2024-05-14 04:20:00', '2024-05-14 04:20:00'),
(333, 'Default', 340, '', '', '', '', '', '', '', '', 0, 0, NULL, 0, 1, 'active', '', '2024-05-14 04:20:00', '2024-05-14 04:20:00'),
(334, 'Default', 341, '', '', '', '', '', '', '', '', 0, 0, NULL, 0, 1, 'active', '', '2024-05-14 04:20:00', '2024-05-14 04:20:00'),
(335, 'Default', 342, '', '', '', '', '', '', '', '', 0, 0, NULL, 0, 1, 'active', '', '2024-05-14 04:20:00', '2024-05-14 04:20:00'),
(336, 'Default', 343, '', '', '', '', '', '', '', '', 0, 0, NULL, 0, 1, 'active', '', '2024-05-14 04:20:00', '2024-05-14 04:20:00'),
(337, 'Default', 344, '', '', '', '', '', '', '', '', 0, 0, NULL, 0, 1, 'active', '', '2024-05-14 04:20:00', '2024-05-14 04:20:00'),
(338, 'Default', 345, '', '', '', '', '', '', '', '', 0, 0, NULL, 0, 1, 'active', '', '2024-05-14 04:20:00', '2024-05-14 04:20:00'),
(339, 'Default', 346, '', '', '', '', '', '', '', '', 0, 0, NULL, 0, 1, 'active', '', '2024-05-14 04:20:00', '2024-05-14 04:20:00'),
(340, 'Default', 347, '', '', '', '', '', '', '', '', 0, 0, NULL, 0, 1, 'active', '', '2024-05-14 04:20:00', '2024-05-14 04:20:00'),
(341, 'Default', 348, '', '', '', '', '', '', '', '', 0, 0, NULL, 0, 1, 'active', '', '2024-05-14 04:20:00', '2024-05-14 04:20:00');;

INSERT INTO `product_translations` (`id`, `product_id`, `lang`, `title`, `description`, `content`, `created_at`, `updated_at`) VALUES
(332, 332, 'vi', 'HyperX Alloy Origins Core', '', '<p>Bàn phím chơi game không phím nhỏ gọn có công tắc cơ học HyperX, thân máy hoàn toàn bằng nhôm cấp máy bay, tùy chỉnh ánh sáng RGB, cáp USB-C có thể tháo rời, hỗ trợ chống bóng mờ và độ bền mạnh mẽ cho môi trường chơi game cạnh tranh.</p>', '2024-05-14 04:20:00', '2024-05-14 04:20:00'),
(333, 333, 'vi', 'Logitech G213 Prodigy', '', '<p>Bàn phím chơi game giá cả phải chăng có vùng RGB LIGHTSYNC, cấu trúc chống tràn, phần tựa tay tích hợp, điều khiển phương tiện chuyên dụng, các phím chơi game màng được điều chỉnh để phản hồi và bố cục kích thước đầy đủ thoải mái để chơi game và sử dụng hàng ngày.</p>', '2024-05-14 04:20:00', '2024-05-14 04:20:00'),
(334, 334, 'vi', 'Logitech G Pro X Superlight 2', '', '<p>Chuột chơi game thể thao điện tử chuyên nghiệp được thiết kế để mang lại hiệu suất cạnh tranh siêu nhẹ. Có cảm biến quang học HERO 2, lên đến 32.000 DPI, kết nối không dây LIGHTSPEED, hỗ trợ thăm dò 4K/8K, thiết kế siêu nhẹ 60g, sạc USB-C, chân PTFE và công nghệ không dây có độ trễ thấp tiên tiến được các vận động viên thể thao điện tử chuyên nghiệp trên toàn thế giới tin tưởng.</p>', '2024-05-14 04:20:00', '2024-05-14 04:20:00'),
(335, 335, 'vi', 'Razer Viper V3 Pro', '', '<p>Chuột chơi game thể thao điện tử không dây cao cấp có cảm biến quang học Focus Pro 35K, thiết kế công thái học siêu nhẹ, công nghệ không dây HyperSpeed, công tắc chuột quang Gen-3, tốc độ bỏ phiếu lên đến 8000Hz, thời lượng pin dài và độ chính xác chơi game FPS cấp độ chuyên nghiệp.</p>', '2024-05-14 04:20:00', '2024-05-14 04:20:00'),
(336, 336, 'vi', 'Logitech G502 X Lightspeed', '', '<p>Một trong những con chuột chơi game được công nhận nhất thế giới có công tắc quang-cơ lai LIGHTFORCE, cảm biến HERO 25K, cài đặt DPI có thể tùy chỉnh, thiết kế tiện dụng, kết nối LIGHTSPEED không dây, các nút có thể lập trình, hỗ trợ RGB và tính linh hoạt chơi game đa thể loại.</p>', '2024-05-14 04:20:00', '2024-05-14 04:20:00'),
(337, 337, 'vi', 'Logitech MX Master 3S', '', '<p>Chuột văn phòng và năng suất cao cấp được thiết kế cho quy trình làm việc chuyên nghiệp và đa nhiệm. Có thiết kế điêu khắc tiện dụng, cuộn điện từ MagSpeed, nhấp chuột im lặng, cảm biến Darkfield 8000 DPI, sạc nhanh USB-C, kết nối đa thiết bị Bluetooth và khả năng tương thích với hệ thống Windows và macOS.</p>', '2024-05-14 04:20:00', '2024-05-14 04:20:00'),
(338, 338, 'vi', 'Razer DeathAdder V3 Pro', '', '<p>Chuột chơi game công thái học nhẹ có cảm biến quang học Focus Pro 30K, công tắc quang học Gen-3, công nghệ HyperSpeed không dây, thiết kế siêu nhẹ, hình dạng thuận tay phải tiện dụng và độ chính xác theo dõi cấp thể thao điện tử để chơi game FPS và MOBA.</p>', '2024-05-14 04:20:00', '2024-05-14 04:20:00'),
(339, 339, 'vi', 'Logitech M720 Triathlon', '', '<p>Chuột văn phòng không dây phổ biến được thiết kế cho năng suất và quy trình làm việc đa thiết bị. Có kết nối không dây Bluetooth và USB, các nút có thể lập trình, tiện nghi về mặt công thái học, chuyển đổi đa thiết bị, thời lượng pin dài, cuộn chính xác và hiệu suất văn phòng đáng tin cậy.</p>', '2024-05-14 04:20:00', '2024-05-14 04:20:00'),
(340, 340, 'vi', 'SteelSeries Rival 3 Wireless', '', '<p>Chuột chơi game giá cả phải chăng có cảm biến quang học TrueMove Air, kết nối không dây kép, hiệu suất chơi game có độ trễ thấp, kết cấu nhẹ, ánh sáng RGB, thời lượng pin dài và công tắc bền phù hợp để chơi game và sử dụng máy tính để bàn hàng ngày.</p>', '2024-05-14 04:20:00', '2024-05-14 04:20:00'),
(341, 341, 'vi', 'ASUS TUF Gaming M4 Wireless', '', '<p>Chuột chơi game không dây bền bỉ được thiết kế cho hiệu suất chơi game cạnh tranh. Có cảm biến quang học 12.000 DPI, thiết kế thuận cả hai tay nhẹ, các nút có thể lập trình, kết nối không dây và Bluetooth, hỗ trợ ASUS Aura Sync RGB và độ bền lấy cảm hứng từ quân đội.</p>', '2024-05-14 04:20:00', '2024-05-14 04:20:00'),
(342, 342, 'vi', 'Corsair Ironclaw RGB Wireless', '', '<p>Chuột chơi game tiện dụng được thiết kế cho người chơi FPS và MOBA. Có cảm biến quang học 18.000 DPI, công nghệ Slipstream không dây, vùng chiếu sáng RGB, các nút có thể lập trình, công tắc Omron bền, bề mặt tay cầm có kết cấu và thiết kế tiện dụng bằng tay lớn thoải mái.</p>', '2024-05-14 04:20:00', '2024-05-14 04:20:00'),
(343, 343, 'vi', 'Microsoft Bluetooth Ergonomic Mouse', '', '<p>Chuột không dây công thái học tập trung vào văn phòng được thiết kế cho các phiên làm việc lâu dài và môi trường làm việc chuyên nghiệp. Có kết nối Bluetooth, phần tựa ngón tay cái tiện dụng, cảm biến theo dõi mượt mà, thiết kế nhẹ tập trung vào sự thoải mái, khả năng tương thích đa nền tảng và hiệu quả pin lâu dài.</p>', '2024-05-14 04:20:00', '2024-05-14 04:20:00'),
(344, 344, 'vi', 'NVIDIA GeForce RTX 4060', '', '<p>Card đồ họa chơi game chính thống được mua rộng rãi được thiết kế để chơi game mượt mà 1080p và 1440p cấp thấp. Có kiến trúc NVIDIA Ada Lovelace, bộ nhớ 8GB GDDR6, tạo khung hình DLSS 3 AI, hỗ trợ dò tia, giao diện PCIe 4.0, đầu ra HDMI 2.1 và DisplayPort 1.4a, tiêu thụ điện năng 115W thấp và hiệu quả tuyệt vời cho PC chơi game và sáng tạo nội dung.</p>', '2024-05-14 04:20:00', '2024-05-14 04:20:00'),
(345, 345, 'vi', 'NVIDIA GeForce RTX 4070 SUPER', '', '<p>GPU chơi game hiệu năng cao được tối ưu hóa cho khối lượng công việc chơi game và người sáng tạo siêu 1440p. Có bộ nhớ GDDR12X 6GB, kiến trúc Ada Lovelace, hỗ trợ DLSS 3, lõi dò tia tiên tiến, giao diện PCIe 4.0, hỗ trợ mã hóa AV1, số lượng lõi CUDA cao và hiệu suất tản nhiệt hiệu quả cho PC chơi game đam mê.</p>', '2024-05-14 04:20:00', '2024-05-14 04:20:00'),
(346, 346, 'vi', 'NVIDIA GeForce RTX 4080 SUPER', '', '<p>Card đồ họa đẳng cấp dành cho người đam mê được thiết kế để chơi game 1440p và 4K tốc độ làm mới cao. Có bộ nhớ GDDR16X 6GB, kiến trúc Ada Lovelace tiên tiến, thế hệ DLSS 3 khung hình, hiệu suất dò tia cao cấp, kết xuất tăng cường AI, kết nối PCIe 4.0 và các giải pháp tản nhiệt mạnh mẽ từ các thương hiệu hàng đầu như ASUS, MSI và Gigabyte.</p>', '2024-05-14 04:20:00', '2024-05-14 04:20:00'),
(347, 347, 'vi', 'NVIDIA GeForce RTX 3060', '', '<p>Card đồ họa tầm trung cực kỳ phổ biến được sử dụng rộng rãi cho các hệ thống chơi game, phát trực tuyến và năng suất. Có kiến trúc Ampere, bộ nhớ GDDR12 6GB, hỗ trợ dò tia, nâng cấp DLSS AI, hỗ trợ PCIe 4.0, kết nối HDMI 2.1 và hiệu suất chơi game 1080p đáng tin cậy với giá trị đồng tiền bát gạo.</p>', '2024-05-14 04:20:00', '2024-05-14 04:20:00'),
(348, 348, 'vi', 'NVIDIA GeForce RTX 4090', '', '<p>Card đồ họa NVIDIA hàng đầu được thiết kế để chơi game 4K cực cao, khối lượng công việc AI, kết xuất chuyên nghiệp và hệ thống máy trạm cao cấp. Có bộ nhớ GDDR24X 6GB, kiến trúc Ada Lovelace, lõi dò tia tiên tiến, công nghệ DLSS 3, số lượng lõi CUDA khổng lồ, giao diện PCIe 4.0 và hiệu suất tăng tốc AI và chơi game hàng đầu trong ngành.</p>', '2024-05-14 04:20:00', '2024-05-14 04:20:00');;

INSERT INTO `slug` (`id`, `post_id`, `post_type`, `lang`, `handle`, `created_at`, `updated_at`) VALUES
(769, 332, 'product', 'vi', 'hyperx-alloy-origins-core', '2024-05-14 04:20:00', '2024-05-14 04:20:00'),
(770, 332, 'product', 'en', 'hyperx-alloy-origins-core', '2024-05-14 04:20:00', '2024-05-14 04:20:00'),
(771, 333, 'product', 'vi', 'logitech-g213-prodigy', '2024-05-14 04:20:00', '2024-05-14 04:20:00'),
(772, 333, 'product', 'en', 'logitech-g213-prodigy', '2024-05-14 04:20:00', '2024-05-14 04:20:00'),
(773, 334, 'product', 'vi', 'logitech-g-pro-x-superlight-2', '2024-05-14 04:20:00', '2024-05-14 04:20:00'),
(774, 334, 'product', 'en', 'logitech-g-pro-x-superlight-2', '2024-05-14 04:20:00', '2024-05-14 04:20:00'),
(775, 335, 'product', 'vi', 'razer-viper-v3-pro', '2024-05-14 04:20:00', '2024-05-14 04:20:00'),
(776, 335, 'product', 'en', 'razer-viper-v3-pro', '2024-05-14 04:20:00', '2024-05-14 04:20:00'),
(777, 336, 'product', 'vi', 'logitech-g502-x-lightspeed', '2024-05-14 04:20:00', '2024-05-14 04:20:00'),
(778, 336, 'product', 'en', 'logitech-g502-x-lightspeed', '2024-05-14 04:20:00', '2024-05-14 04:20:00'),
(779, 337, 'product', 'vi', 'logitech-mx-master-3s', '2024-05-14 04:20:00', '2024-05-14 04:20:00'),
(780, 337, 'product', 'en', 'logitech-mx-master-3s', '2024-05-14 04:20:00', '2024-05-14 04:20:00'),
(781, 338, 'product', 'vi', 'razer-deathadder-v3-pro', '2024-05-14 04:20:00', '2024-05-14 04:20:00'),
(782, 338, 'product', 'en', 'razer-deathadder-v3-pro', '2024-05-14 04:20:00', '2024-05-14 04:20:00'),
(783, 339, 'product', 'vi', 'logitech-m720-triathlon', '2024-05-14 04:20:00', '2024-05-14 04:20:00'),
(784, 339, 'product', 'en', 'logitech-m720-triathlon', '2024-05-14 04:20:00', '2024-05-14 04:20:00'),
(785, 340, 'product', 'vi', 'steelseries-rival-3-wireless', '2024-05-14 04:20:00', '2024-05-14 04:20:00'),
(786, 340, 'product', 'en', 'steelseries-rival-3-wireless', '2024-05-14 04:20:00', '2024-05-14 04:20:00'),
(787, 341, 'product', 'vi', 'asus-tuf-gaming-m4-wireless', '2024-05-14 04:20:00', '2024-05-14 04:20:00'),
(788, 341, 'product', 'en', 'asus-tuf-gaming-m4-wireless', '2024-05-14 04:20:00', '2024-05-14 04:20:00'),
(789, 342, 'product', 'vi', 'corsair-ironclaw-rgb-wireless', '2024-05-14 04:20:00', '2024-05-14 04:20:00'),
(790, 342, 'product', 'en', 'corsair-ironclaw-rgb-wireless', '2024-05-14 04:20:00', '2024-05-14 04:20:00'),
(791, 343, 'product', 'vi', 'microsoft-bluetooth-ergonomic-mouse', '2024-05-14 04:20:00', '2024-05-14 04:20:00'),
(792, 343, 'product', 'en', 'microsoft-bluetooth-ergonomic-mouse', '2024-05-14 04:20:00', '2024-05-14 04:20:00'),
(793, 344, 'product', 'vi', 'nvidia-geforce-rtx-4060', '2024-05-14 04:20:00', '2024-05-14 04:20:00'),
(794, 344, 'product', 'en', 'nvidia-geforce-rtx-4060', '2024-05-14 04:20:00', '2024-05-14 04:20:00'),
(795, 345, 'product', 'vi', 'nvidia-geforce-rtx-4070-super', '2024-05-14 04:20:00', '2024-05-14 04:20:00'),
(796, 345, 'product', 'en', 'nvidia-geforce-rtx-4070-super', '2024-05-14 04:20:00', '2024-05-14 04:20:00'),
(797, 346, 'product', 'vi', 'nvidia-geforce-rtx-4080-super', '2024-05-14 04:20:00', '2024-05-14 04:20:00'),
(798, 346, 'product', 'en', 'nvidia-geforce-rtx-4080-super', '2024-05-14 04:20:00', '2024-05-14 04:20:00'),
(799, 347, 'product', 'vi', 'nvidia-geforce-rtx-3060', '2024-05-14 04:20:00', '2024-05-14 04:20:00'),
(800, 347, 'product', 'en', 'nvidia-geforce-rtx-3060', '2024-05-14 04:20:00', '2024-05-14 04:20:00'),
(801, 348, 'product', 'vi', 'nvidia-geforce-rtx-4090', '2024-05-14 04:20:00', '2024-05-14 04:20:00'),
(802, 348, 'product', 'en', 'nvidia-geforce-rtx-4090', '2024-05-14 04:20:00', '2024-05-14 04:20:00');;

INSERT INTO `collection_product` (`id`, `collection_id`, `product_id`, `priority`, `created_at`, `updated_at`) VALUES
(461, 14, 332, 0, '2024-05-14 04:20:00', '2024-05-14 04:20:00'),
(462, 14, 333, 0, '2024-05-14 04:20:00', '2024-05-14 04:20:00'),
(463, 14, 334, 0, '2024-05-14 04:20:00', '2024-05-14 04:20:00'),
(464, 14, 335, 0, '2024-05-14 04:20:00', '2024-05-14 04:20:00'),
(465, 14, 336, 0, '2024-05-14 04:20:00', '2024-05-14 04:20:00'),
(466, 14, 337, 0, '2024-05-14 04:20:00', '2024-05-14 04:20:00'),
(467, 14, 338, 0, '2024-05-14 04:20:00', '2024-05-14 04:20:00'),
(468, 14, 339, 0, '2024-05-14 04:20:00', '2024-05-14 04:20:00'),
(469, 14, 340, 0, '2024-05-14 04:20:00', '2024-05-14 04:20:00'),
(470, 14, 341, 0, '2024-05-14 04:20:00', '2024-05-14 04:20:00'),
(471, 14, 342, 0, '2024-05-14 04:20:00', '2024-05-14 04:20:00'),
(472, 14, 343, 0, '2024-05-14 04:20:00', '2024-05-14 04:20:00'),
(473, 14, 344, 0, '2024-05-14 04:20:00', '2024-05-14 04:20:00'),
(474, 14, 345, 0, '2024-05-14 04:20:00', '2024-05-14 04:20:00'),
(475, 14, 346, 0, '2024-05-14 04:20:00', '2024-05-14 04:20:00'),
(476, 14, 347, 0, '2024-05-14 04:20:00', '2024-05-14 04:20:00'),
(477, 14, 348, 0, '2024-05-14 04:20:00', '2024-05-14 04:20:00');;

SET FOREIGN_KEY_CHECKS = 1;
